image_path,source,condition,condition_type,orig_fake_score,pert_fake_score,fake_score_delta,class_consistency,orig_peak_x,orig_peak_y,pert_peak_x,pert_peak_y,raw_peak_movement_px,expected_geometric_movement_px,face_bbox_found,face_rel_peak_movement,heatmap_overlap_iou_top20,spearman_rho
C:\My_Project\AIGC\AIGuard\unseen\fake_120.jpg,aiguard_unseen,translate_+8_+8,translation,0.824357,0.06724,-0.757117,False,111.0,111.0,112.0,112.0,1.41,11.31,True,0.0932,0.8344,0.8979
C:\My_Project\AIGC\AIGuard\unseen\fake_120.jpg,aiguard_unseen,translate_-8_-8,translation,0.824357,0.76725,-0.057107,True,111.0,111.0,111.0,80.0,31.0,11.31,True,0.2179,0.8151,0.9241
C:\My_Project\AIGC\AIGuard\unseen\fake_120.jpg,aiguard_unseen,translate_+8_-8,translation,0.824357,0.750494,-0.073862,True,111.0,111.0,112.0,80.0,31.02,11.31,True,0.2159,0.8037,0.942
C:\My_Project\AIGC\AIGuard\unseen\fake_120.jpg,aiguard_unseen,jpeg_q70,jpeg,0.824357,0.824574,0.000217,True,111.0,111.0,111.0,111.0,0.0,,True,0.0018,0.983,0.9953
C:\My_Project\AIGC\AIGuard\unseen\fake_120.jpg,aiguard_unseen,crop90,crop,0.824357,0.835648,0.011291,True,111.0,111.0,111.0,112.0,1.0,,True,0.0117,0.8913,0.9621
C:\My_Project\AIGC\AIGuard\unseen\fake_135.jpg,aiguard_unseen,translate_+8_+8,translation,0.551341,0.027618,-0.523723,False,111.0,111.0,112.0,112.0,1.41,11.31,True,0.0984,0.8237,0.9299
C:\My_Project\AIGC\AIGuard\unseen\fake_135.jpg,aiguard_unseen,translate_-8_-8,translation,0.551341,0.428544,-0.122797,False,111.0,111.0,143.0,112.0,32.02,11.31,True,0.4386,0.7106,0.944
C:\My_Project\AIGC\AIGuard\unseen\fake_135.jpg,aiguard_unseen,translate_+8_-8,translation,0.551341,0.178878,-0.372463,False,111.0,111.0,112.0,80.0,31.02,11.31,True,0.2311,0.7646,0.942
C:\My_Project\AIGC\AIGuard\unseen\fake_135.jpg,aiguard_unseen,jpeg_q70,jpeg,0.551341,0.083825,-0.467517,False,111.0,111.0,111.0,111.0,0.0,,True,0.0007,0.9669,0.9967
C:\My_Project\AIGC\AIGuard\unseen\fake_135.jpg,aiguard_unseen,crop90,crop,0.551341,0.027558,-0.523784,False,111.0,111.0,111.0,111.0,0.0,,True,0.0028,0.9278,0.9714
C:\My_Project\AIGC\AIGuard\unseen\fake_141.jpg,aiguard_unseen,translate_+8_+8,translation,0.815018,0.197454,-0.617564,False,111.0,143.0,112.0,143.0,1.0,11.31,True,0.0932,0.6934,0.9274
C:\My_Project\AIGC\AIGuard\unseen\fake_141.jpg,aiguard_unseen,translate_-8_-8,translation,0.815018,0.776441,-0.038577,True,111.0,143.0,111.0,143.0,0.0,11.31,True,0.0922,0.6736,0.9542
C:\My_Project\AIGC\AIGuard\unseen\fake_141.jpg,aiguard_unseen,translate_+8_-8,translation,0.815018,0.735593,-0.079425,True,111.0,143.0,80.0,143.0,31.0,11.31,True,0.3669,0.7608,0.9486
C:\My_Project\AIGC\AIGuard\unseen\fake_141.jpg,aiguard_unseen,jpeg_q70,jpeg,0.815018,0.820252,0.005233,True,111.0,143.0,111.0,143.0,0.0,,True,0.0014,0.9162,0.9956
C:\My_Project\AIGC\AIGuard\unseen\fake_141.jpg,aiguard_unseen,crop90,crop,0.815018,0.807108,-0.007911,True,111.0,143.0,80.0,80.0,70.21,,True,0.5244,0.6382,0.9305
C:\My_Project\AIGC\AIGuard\unseen\fake_170.jpg,aiguard_unseen,translate_+8_+8,translation,0.850535,0.602296,-0.248239,True,112.0,80.0,143.0,111.0,43.84,11.31,True,0.2754,0.8239,0.8724
C:\My_Project\AIGC\AIGuard\unseen\fake_170.jpg,aiguard_unseen,translate_-8_-8,translation,0.850535,0.820942,-0.029593,True,112.0,80.0,143.0,80.0,31.0,11.31,True,0.3596,0.6977,0.8892
C:\My_Project\AIGC\AIGuard\unseen\fake_170.jpg,aiguard_unseen,translate_+8_-8,translation,0.850535,0.837189,-0.013346,True,112.0,80.0,143.0,80.0,31.0,11.31,True,0.217,0.7932,0.9
C:\My_Project\AIGC\AIGuard\unseen\fake_170.jpg,aiguard_unseen,jpeg_q70,jpeg,0.850535,0.846063,-0.004473,True,112.0,80.0,112.0,80.0,0.0,,True,0.0004,0.9653,0.9961
C:\My_Project\AIGC\AIGuard\unseen\fake_170.jpg,aiguard_unseen,crop90,crop,0.850535,0.78065,-0.069886,True,112.0,80.0,144.0,111.0,44.55,,True,0.3585,0.8174,0.9309
C:\My_Project\AIGC\AIGuard\unseen\fake_177.jpg,aiguard_unseen,translate_+8_+8,translation,0.82397,0.608106,-0.215864,True,80.0,80.0,143.0,143.0,89.1,11.31,True,0.6196,0.8295,0.9059
C:\My_Project\AIGC\AIGuard\unseen\fake_177.jpg,aiguard_unseen,translate_-8_-8,translation,0.82397,0.756235,-0.067735,True,80.0,80.0,143.0,80.0,63.0,11.31,True,0.5961,0.6822,0.8409
C:\My_Project\AIGC\AIGuard\unseen\fake_177.jpg,aiguard_unseen,translate_+8_-8,translation,0.82397,0.701644,-0.122326,True,80.0,80.0,80.0,143.0,63.0,11.31,True,0.5431,0.6427,0.8649
C:\My_Project\AIGC\AIGuard\unseen\fake_177.jpg,aiguard_unseen,jpeg_q70,jpeg,0.82397,0.822697,-0.001273,True,80.0,80.0,143.0,80.0,63.0,,True,0.5254,0.964,0.9946
C:\My_Project\AIGC\AIGuard\unseen\fake_177.jpg,aiguard_unseen,crop90,crop,0.82397,0.806603,-0.017367,True,80.0,80.0,80.0,143.0,63.0,,True,0.4595,0.89,0.9516
C:\My_Project\AIGC\AIGuard\unseen\fake_237.jpg,aiguard_unseen,translate_+8_+8,translation,0.820132,0.717503,-0.102629,True,80.0,143.0,112.0,111.0,45.25,11.31,True,0.3796,0.801,0.8861
C:\My_Project\AIGC\AIGuard\unseen\fake_237.jpg,aiguard_unseen,translate_-8_-8,translation,0.820132,0.775086,-0.045046,True,80.0,143.0,143.0,143.0,63.0,11.31,True,0.5917,0.7469,0.9519
C:\My_Project\AIGC\AIGuard\unseen\fake_237.jpg,aiguard_unseen,translate_+8_-8,translation,0.820132,0.793366,-0.026765,True,80.0,143.0,80.0,143.0,0.0,11.31,True,0.0944,0.7579,0.9484
C:\My_Project\AIGC\AIGuard\unseen\fake_237.jpg,aiguard_unseen,jpeg_q70,jpeg,0.820132,0.824405,0.004273,True,80.0,143.0,143.0,112.0,70.21,,True,0.5732,0.9482,0.9919
C:\My_Project\AIGC\AIGuard\unseen\fake_237.jpg,aiguard_unseen,crop90,crop,0.820132,0.75863,-0.061502,True,80.0,143.0,143.0,112.0,70.21,,True,0.5554,0.9228,0.9596
C:\My_Project\AIGC\AIGuard\unseen\fake_242.jpg,aiguard_unseen,translate_+8_+8,translation,0.812724,0.031155,-0.781569,False,80.0,143.0,112.0,111.0,45.25,11.31,True,0.3411,0.6033,0.8498
C:\My_Project\AIGC\AIGuard\unseen\fake_242.jpg,aiguard_unseen,translate_-8_-8,translation,0.812724,0.776046,-0.036677,True,80.0,143.0,143.0,143.0,63.0,11.31,True,0.5467,0.8089,0.9494
C:\My_Project\AIGC\AIGuard\unseen\fake_242.jpg,aiguard_unseen,translate_+8_-8,translation,0.812724,0.746672,-0.066052,True,80.0,143.0,112.0,80.0,70.66,11.31,True,0.4303,0.8455,0.9352
C:\My_Project\AIGC\AIGuard\unseen\fake_242.jpg,aiguard_unseen,jpeg_q70,jpeg,0.812724,0.820021,0.007298,True,80.0,143.0,143.0,143.0,63.0,,True,0.4837,0.9401,0.9971
C:\My_Project\AIGC\AIGuard\unseen\fake_242.jpg,aiguard_unseen,crop90,crop,0.812724,0.777025,-0.035698,True,80.0,143.0,143.0,112.0,70.21,,True,0.512,0.9015,0.9737
C:\My_Project\AIGC\AIGuard\unseen\fake_260.jpg,aiguard_unseen,translate_+8_+8,translation,0.834841,0.103706,-0.731135,False,80.0,80.0,143.0,143.0,89.1,11.31,True,0.6142,0.8302,0.9359
C:\My_Project\AIGC\AIGuard\unseen\fake_260.jpg,aiguard_unseen,translate_-8_-8,translation,0.834841,0.766959,-0.067882,True,80.0,80.0,143.0,143.0,89.1,11.31,True,0.7932,0.63,0.8743
C:\My_Project\AIGC\AIGuard\unseen\fake_260.jpg,aiguard_unseen,translate_+8_-8,translation,0.834841,0.75439,-0.080451,True,80.0,80.0,143.0,143.0,89.1,11.31,True,0.6982,0.6106,0.8584
C:\My_Project\AIGC\AIGuard\unseen\fake_260.jpg,aiguard_unseen,jpeg_q70,jpeg,0.834841,0.838906,0.004065,True,80.0,80.0,80.0,80.0,0.0,,True,0.0011,0.9663,0.993
C:\My_Project\AIGC\AIGuard\unseen\fake_260.jpg,aiguard_unseen,crop90,crop,0.834841,0.816446,-0.018395,True,80.0,80.0,112.0,143.0,70.66,,True,0.5203,0.6113,0.9162
C:\My_Project\AIGC\AIGuard\unseen\fake_262.jpg,aiguard_unseen,translate_+8_+8,translation,0.788006,0.085664,-0.702343,False,111.0,80.0,111.0,111.0,31.0,11.31,True,0.1919,0.7854,0.9222
C:\My_Project\AIGC\AIGuard\unseen\fake_262.jpg,aiguard_unseen,translate_-8_-8,translation,0.788006,0.776818,-0.011188,True,111.0,80.0,80.0,80.0,31.0,11.31,True,0.2124,0.7618,0.9261
C:\My_Project\AIGC\AIGuard\unseen\fake_262.jpg,aiguard_unseen,translate_+8_-8,translation,0.788006,0.795238,0.007232,True,111.0,80.0,111.0,80.0,0.0,11.31,True,0.091,0.73,0.9483
C:\My_Project\AIGC\AIGuard\unseen\fake_262.jpg,aiguard_unseen,jpeg_q70,jpeg,0.788006,0.786631,-0.001375,True,111.0,80.0,111.0,80.0,0.0,,True,0.0013,0.9692,0.9977
C:\My_Project\AIGC\AIGuard\unseen\fake_262.jpg,aiguard_unseen,crop90,crop,0.788006,0.79596,0.007954,True,111.0,80.0,80.0,80.0,31.0,,True,0.2487,0.9049,0.9679
C:\My_Project\AIGC\AIGuard\unseen\fake_272.jpg,aiguard_unseen,translate_+8_+8,translation,0.703298,0.020489,-0.682809,False,111.0,80.0,112.0,111.0,31.02,11.31,True,0.1919,0.7522,0.9073
C:\My_Project\AIGC\AIGuard\unseen\fake_272.jpg,aiguard_unseen,translate_-8_-8,translation,0.703298,0.776866,0.073568,True,111.0,80.0,112.0,80.0,1.0,11.31,True,0.095,0.7428,0.8832
C:\My_Project\AIGC\AIGuard\unseen\fake_272.jpg,aiguard_unseen,translate_+8_-8,translation,0.703298,0.739215,0.035917,True,111.0,80.0,112.0,80.0,1.0,11.31,True,0.0868,0.7628,0.881
C:\My_Project\AIGC\AIGuard\unseen\fake_272.jpg,aiguard_unseen,jpeg_q70,jpeg,0.703298,0.621146,-0.082151,True,111.0,80.0,112.0,80.0,1.0,,True,0.009,0.97,0.9909
C:\My_Project\AIGC\AIGuard\unseen\fake_272.jpg,aiguard_unseen,crop90,crop,0.703298,0.328723,-0.374575,False,111.0,80.0,111.0,80.0,0.0,,True,0.026,0.8715,0.9509
C:\My_Project\AIGC\AIGuard\unseen\fake_298.jpg,aiguard_unseen,translate_+8_+8,translation,0.805997,0.259606,-0.54639,False,143.0,143.0,143.0,143.0,0.0,11.31,True,0.1034,0.7374,0.9177
C:\My_Project\AIGC\AIGuard\unseen\fake_298.jpg,aiguard_unseen,translate_-8_-8,translation,0.805997,0.714094,-0.091903,True,143.0,143.0,143.0,143.0,0.0,11.31,True,0.0937,0.8015,0.9354
C:\My_Project\AIGC\AIGuard\unseen\fake_298.jpg,aiguard_unseen,translate_+8_-8,translation,0.805997,0.678205,-0.127792,True,143.0,143.0,143.0,143.0,0.0,11.31,True,0.0993,0.8088,0.9436
C:\My_Project\AIGC\AIGuard\unseen\fake_298.jpg,aiguard_unseen,jpeg_q70,jpeg,0.805997,0.804957,-0.00104,True,143.0,143.0,143.0,143.0,0.0,,True,0.0101,0.9569,0.994
C:\My_Project\AIGC\AIGuard\unseen\fake_298.jpg,aiguard_unseen,crop90,crop,0.805997,0.791503,-0.014493,True,143.0,143.0,112.0,143.0,31.0,,True,0.2892,0.9076,0.9474
C:\My_Project\AIGC\AIGuard\unseen\fake_318.jpg,aiguard_unseen,translate_+8_+8,translation,0.824723,0.699637,-0.125085,True,143.0,112.0,112.0,112.0,31.0,11.31,True,0.4001,0.8289,0.816
C:\My_Project\AIGC\AIGuard\unseen\fake_318.jpg,aiguard_unseen,translate_-8_-8,translation,0.824723,0.754659,-0.070063,True,143.0,112.0,112.0,111.0,31.02,11.31,True,0.2458,0.791,0.8673
C:\My_Project\AIGC\AIGuard\unseen\fake_318.jpg,aiguard_unseen,translate_+8_-8,translation,0.824723,0.727653,-0.09707,True,143.0,112.0,112.0,111.0,31.02,11.31,True,0.401,0.8097,0.8994
C:\My_Project\AIGC\AIGuard\unseen\fake_318.jpg,aiguard_unseen,jpeg_q70,jpeg,0.824723,0.824439,-0.000283,True,143.0,112.0,143.0,111.0,1.0,,True,0.0104,0.9779,0.9895
C:\My_Project\AIGC\AIGuard\unseen\fake_318.jpg,aiguard_unseen,crop90,crop,0.824723,0.816799,-0.007924,True,143.0,112.0,143.0,112.0,0.0,,True,0.0285,0.9272,0.9141
C:\My_Project\AIGC\AIGuard\unseen\fake_32.jpg,aiguard_unseen,translate_+8_+8,translation,0.825412,0.793221,-0.032191,True,144.0,80.0,111.0,143.0,71.12,11.31,True,0.3033,0.7463,0.9557
C:\My_Project\AIGC\AIGuard\unseen\fake_32.jpg,aiguard_unseen,translate_-8_-8,translation,0.825412,0.813278,-0.012133,True,144.0,80.0,111.0,143.0,71.12,11.31,True,0.3245,0.5284,0.9035
C:\My_Project\AIGC\AIGuard\unseen\fake_32.jpg,aiguard_unseen,translate_+8_-8,translation,0.825412,0.829377,0.003965,True,144.0,80.0,143.0,143.0,63.01,11.31,True,0.3032,0.5267,0.9263
C:\My_Project\AIGC\AIGuard\unseen\fake_32.jpg,aiguard_unseen,jpeg_q70,jpeg,0.825412,0.816851,-0.008561,True,144.0,80.0,143.0,143.0,63.01,,True,0.2697,0.7615,0.9809
C:\My_Project\AIGC\AIGuard\unseen\fake_32.jpg,aiguard_unseen,crop90,crop,0.825412,0.811828,-0.013583,True,144.0,80.0,111.0,143.0,71.12,,True,0.3118,0.6157,0.9328
C:\My_Project\AIGC\AIGuard\unseen\fake_431.jpg,aiguard_unseen,translate_+8_+8,translation,0.821722,0.687176,-0.134545,True,143.0,112.0,112.0,112.0,31.0,11.31,True,0.3065,0.5672,0.9116
C:\My_Project\AIGC\AIGuard\unseen\fake_431.jpg,aiguard_unseen,translate_-8_-8,translation,0.821722,0.611006,-0.210716,True,143.0,112.0,143.0,112.0,0.0,11.31,True,0.0758,0.7998,0.8775
C:\My_Project\AIGC\AIGuard\unseen\fake_431.jpg,aiguard_unseen,translate_+8_-8,translation,0.821722,0.155211,-0.666511,False,143.0,112.0,143.0,112.0,0.0,11.31,True,0.0805,0.7413,0.9205
C:\My_Project\AIGC\AIGuard\unseen\fake_431.jpg,aiguard_unseen,jpeg_q70,jpeg,0.821722,0.837793,0.016071,True,143.0,112.0,112.0,112.0,31.0,,True,0.2376,0.8822,0.9797
C:\My_Project\AIGC\AIGuard\unseen\fake_431.jpg,aiguard_unseen,crop90,crop,0.821722,0.853276,0.031554,True,143.0,112.0,143.0,112.0,0.0,,True,0.0277,0.8066,0.9154
C:\My_Project\AIGC\AIGuard\unseen\fake_434.jpg,aiguard_unseen,translate_+8_+8,translation,0.825313,0.766938,-0.058375,True,143.0,112.0,143.0,112.0,0.0,11.31,True,0.0824,0.6402,0.8511
C:\My_Project\AIGC\AIGuard\unseen\fake_434.jpg,aiguard_unseen,translate_-8_-8,translation,0.825313,0.770875,-0.054438,True,143.0,112.0,80.0,111.0,63.01,11.31,True,0.4223,0.787,0.906
C:\My_Project\AIGC\AIGuard\unseen\fake_434.jpg,aiguard_unseen,translate_+8_-8,translation,0.825313,0.726099,-0.099214,True,143.0,112.0,143.0,111.0,1.0,11.31,True,0.0782,0.7627,0.9111
C:\My_Project\AIGC\AIGuard\unseen\fake_434.jpg,aiguard_unseen,jpeg_q70,jpeg,0.825313,0.831615,0.006302,True,143.0,112.0,112.0,112.0,31.0,,True,0.2369,0.8361,0.9902
C:\My_Project\AIGC\AIGuard\unseen\fake_434.jpg,aiguard_unseen,crop90,crop,0.825313,0.831392,0.006079,True,143.0,112.0,112.0,112.0,31.0,,True,0.2375,0.8366,0.9494
C:\My_Project\AIGC\AIGuard\unseen\fake_451.jpg,aiguard_unseen,translate_+8_+8,translation,0.778944,0.643099,-0.135845,True,143.0,112.0,143.0,112.0,0.0,11.31,True,0.0877,0.6965,0.9225
C:\My_Project\AIGC\AIGuard\unseen\fake_451.jpg,aiguard_unseen,translate_-8_-8,translation,0.778944,0.5347,-0.244244,True,143.0,112.0,143.0,112.0,0.0,11.31,True,0.0862,0.7658,0.9096
C:\My_Project\AIGC\AIGuard\unseen\fake_451.jpg,aiguard_unseen,translate_+8_-8,translation,0.778944,0.459285,-0.319659,False,143.0,112.0,112.0,111.0,31.02,11.31,True,0.3215,0.7513,0.9165
C:\My_Project\AIGC\AIGuard\unseen\fake_451.jpg,aiguard_unseen,jpeg_q70,jpeg,0.778944,0.798707,0.019763,True,143.0,112.0,143.0,112.0,0.0,,True,0.0111,0.8719,0.9716
C:\My_Project\AIGC\AIGuard\unseen\fake_451.jpg,aiguard_unseen,crop90,crop,0.778944,0.836489,0.057545,True,143.0,112.0,143.0,112.0,0.0,,True,0.028,0.8865,0.956
C:\My_Project\AIGC\AIGuard\unseen\fake_453.jpg,aiguard_unseen,translate_+8_+8,translation,0.827766,0.555073,-0.272693,True,111.0,112.0,111.0,112.0,0.0,11.31,True,0.0882,0.5912,0.9266
C:\My_Project\AIGC\AIGuard\unseen\fake_453.jpg,aiguard_unseen,translate_-8_-8,translation,0.827766,0.705018,-0.122748,True,111.0,112.0,80.0,112.0,31.0,11.31,True,0.1927,0.7166,0.8976
C:\My_Project\AIGC\AIGuard\unseen\fake_453.jpg,aiguard_unseen,translate_+8_-8,translation,0.827766,0.56936,-0.258405,True,111.0,112.0,111.0,112.0,0.0,11.31,True,0.0866,0.7411,0.8952
C:\My_Project\AIGC\AIGuard\unseen\fake_453.jpg,aiguard_unseen,jpeg_q70,jpeg,0.827766,0.805236,-0.022529,True,111.0,112.0,111.0,112.0,0.0,,True,0.0003,0.9281,0.9784
C:\My_Project\AIGC\AIGuard\unseen\fake_453.jpg,aiguard_unseen,crop90,crop,0.827766,0.847136,0.019371,True,111.0,112.0,80.0,112.0,31.0,,True,0.2257,0.8727,0.9519
C:\My_Project\AIGC\AIGuard\unseen\fake_458.jpg,aiguard_unseen,translate_+8_+8,translation,0.845183,0.359636,-0.485546,False,143.0,112.0,111.0,112.0,32.0,11.31,True,0.307,0.5148,0.858
C:\My_Project\AIGC\AIGuard\unseen\fake_458.jpg,aiguard_unseen,translate_-8_-8,translation,0.845183,0.126137,-0.719046,False,143.0,112.0,80.0,111.0,63.01,11.31,True,0.4153,0.671,0.8587
C:\My_Project\AIGC\AIGuard\unseen\fake_458.jpg,aiguard_unseen,translate_+8_-8,translation,0.845183,0.181216,-0.663967,False,143.0,112.0,112.0,111.0,31.02,11.31,True,0.2963,0.6675,0.8756
C:\My_Project\AIGC\AIGuard\unseen\fake_458.jpg,aiguard_unseen,jpeg_q70,jpeg,0.845183,0.841695,-0.003488,True,143.0,112.0,143.0,112.0,0.0,,True,0.0009,0.8879,0.936
C:\My_Project\AIGC\AIGuard\unseen\fake_458.jpg,aiguard_unseen,crop90,crop,0.845183,0.859383,0.0142,True,143.0,112.0,112.0,112.0,31.0,,True,0.2315,0.7747,0.893
C:\My_Project\AIGC\AIGuard\unseen\fake_472.jpg,aiguard_unseen,translate_+8_+8,translation,0.832493,0.623114,-0.209379,True,112.0,112.0,112.0,112.0,0.0,11.31,True,0.0911,0.6182,0.8722
C:\My_Project\AIGC\AIGuard\unseen\fake_472.jpg,aiguard_unseen,translate_-8_-8,translation,0.832493,0.662905,-0.169588,True,112.0,112.0,143.0,112.0,31.0,11.31,True,0.3413,0.7731,0.9309
C:\My_Project\AIGC\AIGuard\unseen\fake_472.jpg,aiguard_unseen,translate_+8_-8,translation,0.832493,0.235096,-0.597397,False,112.0,112.0,143.0,112.0,31.0,11.31,True,0.2077,0.7976,0.9429
C:\My_Project\AIGC\AIGuard\unseen\fake_472.jpg,aiguard_unseen,jpeg_q70,jpeg,0.832493,0.839638,0.007145,True,112.0,112.0,80.0,112.0,32.0,,True,0.2764,0.9531,0.9777
C:\My_Project\AIGC\AIGuard\unseen\fake_472.jpg,aiguard_unseen,crop90,crop,0.832493,0.847757,0.015264,True,112.0,112.0,111.0,112.0,1.0,,True,0.0091,0.9352,0.9432
C:\My_Project\AIGC\AIGuard\unseen\fake_677.jpg,aiguard_unseen,translate_+8_+8,translation,0.811198,0.186574,-0.624624,False,112.0,112.0,112.0,112.0,0.0,11.31,True,0.0894,0.7824,0.8826
C:\My_Project\AIGC\AIGuard\unseen\fake_677.jpg,aiguard_unseen,translate_-8_-8,translation,0.811198,0.0662,-0.744997,False,112.0,112.0,143.0,112.0,31.0,11.31,True,0.3196,0.7947,0.9333
C:\My_Project\AIGC\AIGuard\unseen\fake_677.jpg,aiguard_unseen,translate_+8_-8,translation,0.811198,0.043187,-0.768011,False,112.0,112.0,112.0,112.0,0.0,11.31,True,0.0905,0.7992,0.9037
C:\My_Project\AIGC\AIGuard\unseen\fake_677.jpg,aiguard_unseen,jpeg_q70,jpeg,0.811198,0.810833,-0.000364,True,112.0,112.0,112.0,112.0,0.0,,True,0.0019,0.8934,0.987
C:\My_Project\AIGC\AIGuard\unseen\fake_677.jpg,aiguard_unseen,crop90,crop,0.811198,0.837124,0.025927,True,112.0,112.0,143.0,143.0,43.84,,True,0.2986,0.7541,0.9624
C:\My_Project\AIGC\stylegan2_test\fake\30PIZ1A6JA.jpg,stylegan2_ood,translate_+8_+8,translation,0.794431,0.079031,-0.715401,False,143.0,112.0,143.0,112.0,0.0,11.31,True,0.0818,0.6844,0.9106
C:\My_Project\AIGC\stylegan2_test\fake\30PIZ1A6JA.jpg,stylegan2_ood,translate_-8_-8,translation,0.794431,0.280781,-0.51365,False,143.0,112.0,143.0,112.0,0.0,11.31,True,0.0877,0.6444,0.9108
C:\My_Project\AIGC\stylegan2_test\fake\30PIZ1A6JA.jpg,stylegan2_ood,translate_+8_-8,translation,0.794431,0.098592,-0.695839,False,143.0,112.0,143.0,111.0,1.0,11.31,True,0.0816,0.7247,0.9248
C:\My_Project\AIGC\stylegan2_test\fake\30PIZ1A6JA.jpg,stylegan2_ood,jpeg_q70,jpeg,0.794431,0.781496,-0.012936,True,143.0,112.0,143.0,112.0,0.0,,True,0.0023,0.9421,0.9787
C:\My_Project\AIGC\stylegan2_test\fake\30PIZ1A6JA.jpg,stylegan2_ood,crop90,crop,0.794431,0.773692,-0.020739,True,143.0,112.0,144.0,112.0,1.0,,True,0.0157,0.7341,0.9556
C:\My_Project\AIGC\stylegan2_test\fake\5SI1CK8UC0.jpg,stylegan2_ood,translate_+8_+8,translation,0.806411,0.452676,-0.353734,False,111.0,112.0,111.0,112.0,0.0,11.31,True,0.0857,0.8501,0.926
C:\My_Project\AIGC\stylegan2_test\fake\5SI1CK8UC0.jpg,stylegan2_ood,translate_-8_-8,translation,0.806411,0.75013,-0.056281,True,111.0,112.0,111.0,112.0,0.0,11.31,True,0.0828,0.7573,0.9136
C:\My_Project\AIGC\stylegan2_test\fake\5SI1CK8UC0.jpg,stylegan2_ood,translate_+8_-8,translation,0.806411,0.692249,-0.114161,True,111.0,112.0,112.0,112.0,1.0,11.31,True,0.0714,0.7824,0.9251
C:\My_Project\AIGC\stylegan2_test\fake\5SI1CK8UC0.jpg,stylegan2_ood,jpeg_q70,jpeg,0.806411,0.822647,0.016236,True,111.0,112.0,112.0,112.0,1.0,,True,0.007,0.8539,0.9688
C:\My_Project\AIGC\stylegan2_test\fake\5SI1CK8UC0.jpg,stylegan2_ood,crop90,crop,0.806411,0.869096,0.062686,True,111.0,112.0,111.0,112.0,0.0,,True,0.0101,0.8106,0.933
C:\My_Project\AIGC\stylegan2_test\fake\68ZWU9N0A4.jpg,stylegan2_ood,translate_+8_+8,translation,0.815957,0.482239,-0.333718,True,111.0,112.0,112.0,112.0,1.0,11.31,True,0.0828,0.5547,0.8718
C:\My_Project\AIGC\stylegan2_test\fake\68ZWU9N0A4.jpg,stylegan2_ood,translate_-8_-8,translation,0.815957,0.291594,-0.524363,False,111.0,112.0,80.0,111.0,31.02,11.31,True,0.2019,0.6239,0.8525
C:\My_Project\AIGC\stylegan2_test\fake\68ZWU9N0A4.jpg,stylegan2_ood,translate_+8_-8,translation,0.815957,0.193025,-0.622932,False,111.0,112.0,112.0,111.0,1.41,11.31,True,0.0723,0.6288,0.8133
C:\My_Project\AIGC\stylegan2_test\fake\68ZWU9N0A4.jpg,stylegan2_ood,jpeg_q70,jpeg,0.815957,0.807596,-0.008361,True,111.0,112.0,80.0,112.0,31.0,,True,0.2635,0.8815,0.9723
C:\My_Project\AIGC\stylegan2_test\fake\68ZWU9N0A4.jpg,stylegan2_ood,crop90,crop,0.815957,0.836951,0.020994,True,111.0,112.0,111.0,112.0,0.0,,True,0.0076,0.783,0.9256
C:\My_Project\AIGC\stylegan2_test\fake\74WMVN57OA.jpg,stylegan2_ood,translate_+8_+8,translation,0.787803,0.19505,-0.592753,False,111.0,112.0,112.0,112.0,1.0,11.31,True,0.0799,0.8571,0.8798
C:\My_Project\AIGC\stylegan2_test\fake\74WMVN57OA.jpg,stylegan2_ood,translate_-8_-8,translation,0.787803,0.057637,-0.730166,False,111.0,112.0,111.0,112.0,0.0,11.31,True,0.0894,0.7872,0.9015
C:\My_Project\AIGC\stylegan2_test\fake\74WMVN57OA.jpg,stylegan2_ood,translate_+8_-8,translation,0.787803,0.04462,-0.743184,False,111.0,112.0,112.0,112.0,1.0,11.31,True,0.0805,0.8137,0.929
C:\My_Project\AIGC\stylegan2_test\fake\74WMVN57OA.jpg,stylegan2_ood,jpeg_q70,jpeg,0.787803,0.796716,0.008912,True,111.0,112.0,111.0,112.0,0.0,,True,0.0005,0.8578,0.9682
C:\My_Project\AIGC\stylegan2_test\fake\74WMVN57OA.jpg,stylegan2_ood,crop90,crop,0.787803,0.801205,0.013402,True,111.0,112.0,112.0,112.0,1.0,,True,0.0112,0.8188,0.9038
C:\My_Project\AIGC\stylegan2_test\fake\7DNN5FXAB5.jpg,stylegan2_ood,translate_+8_+8,translation,0.78668,0.5734,-0.21328,True,143.0,112.0,111.0,112.0,32.0,11.31,True,0.3285,0.6701,0.9076
C:\My_Project\AIGC\stylegan2_test\fake\7DNN5FXAB5.jpg,stylegan2_ood,translate_-8_-8,translation,0.78668,0.400815,-0.385865,False,143.0,112.0,143.0,111.0,1.0,11.31,True,0.0824,0.77,0.9337
C:\My_Project\AIGC\stylegan2_test\fake\7DNN5FXAB5.jpg,stylegan2_ood,translate_+8_-8,translation,0.78668,0.216954,-0.569727,False,143.0,112.0,112.0,111.0,31.02,11.31,True,0.3218,0.8104,0.943
C:\My_Project\AIGC\stylegan2_test\fake\7DNN5FXAB5.jpg,stylegan2_ood,jpeg_q70,jpeg,0.78668,0.766021,-0.020659,True,143.0,112.0,143.0,112.0,0.0,,True,0.0024,0.9178,0.9923
C:\My_Project\AIGC\stylegan2_test\fake\7DNN5FXAB5.jpg,stylegan2_ood,crop90,crop,0.78668,0.30013,-0.48655,False,143.0,112.0,79.0,80.0,71.55,,True,0.5321,0.3851,0.7009
C:\My_Project\AIGC\stylegan2_test\fake\98O660FSWQ.jpg,stylegan2_ood,translate_+8_+8,translation,0.8199,0.70225,-0.117651,True,143.0,112.0,143.0,112.0,0.0,11.31,True,0.0892,0.6841,0.8927
C:\My_Project\AIGC\stylegan2_test\fake\98O660FSWQ.jpg,stylegan2_ood,translate_-8_-8,translation,0.8199,0.610148,-0.209752,True,143.0,112.0,111.0,111.0,32.02,11.31,True,0.208,0.7848,0.864
C:\My_Project\AIGC\stylegan2_test\fake\98O660FSWQ.jpg,stylegan2_ood,translate_+8_-8,translation,0.8199,0.606823,-0.213077,True,143.0,112.0,112.0,111.0,31.02,11.31,True,0.3322,0.8232,0.8933
C:\My_Project\AIGC\stylegan2_test\fake\98O660FSWQ.jpg,stylegan2_ood,jpeg_q70,jpeg,0.8199,0.803962,-0.015938,True,143.0,112.0,112.0,112.0,31.0,,True,0.2592,0.8506,0.9389
C:\My_Project\AIGC\stylegan2_test\fake\98O660FSWQ.jpg,stylegan2_ood,crop90,crop,0.8199,0.832715,0.012815,True,143.0,112.0,112.0,112.0,31.0,,True,0.2604,0.7851,0.9069
C:\My_Project\AIGC\stylegan2_test\fake\9CT9CLIOZH.jpg,stylegan2_ood,translate_+8_+8,translation,0.827651,0.704772,-0.122879,True,143.0,112.0,112.0,112.0,31.0,11.31,True,0.306,0.7434,0.8931
C:\My_Project\AIGC\stylegan2_test\fake\9CT9CLIOZH.jpg,stylegan2_ood,translate_-8_-8,translation,0.827651,0.709858,-0.117792,True,143.0,112.0,80.0,111.0,63.01,11.31,True,0.4253,0.7278,0.8983
C:\My_Project\AIGC\stylegan2_test\fake\9CT9CLIOZH.jpg,stylegan2_ood,translate_+8_-8,translation,0.827651,0.706045,-0.121606,True,143.0,112.0,112.0,111.0,31.02,11.31,True,0.3038,0.7661,0.9038
C:\My_Project\AIGC\stylegan2_test\fake\9CT9CLIOZH.jpg,stylegan2_ood,jpeg_q70,jpeg,0.827651,0.832901,0.00525,True,143.0,112.0,112.0,112.0,31.0,,True,0.2357,0.8955,0.9313
C:\My_Project\AIGC\stylegan2_test\fake\9CT9CLIOZH.jpg,stylegan2_ood,crop90,crop,0.827651,0.827284,-0.000367,True,143.0,112.0,111.0,112.0,32.0,,True,0.2442,0.8708,0.9449
C:\My_Project\AIGC\stylegan2_test\fake\9ZB4RQT9UA.jpg,stylegan2_ood,translate_+8_+8,translation,0.808479,0.028144,-0.780335,False,112.0,143.0,143.0,112.0,43.84,11.31,True,0.3098,0.6803,0.886
C:\My_Project\AIGC\stylegan2_test\fake\9ZB4RQT9UA.jpg,stylegan2_ood,translate_-8_-8,translation,0.808479,0.02171,-0.786769,False,112.0,143.0,143.0,112.0,43.84,11.31,True,0.3378,0.6904,0.8693
C:\My_Project\AIGC\stylegan2_test\fake\9ZB4RQT9UA.jpg,stylegan2_ood,translate_+8_-8,translation,0.808479,0.022073,-0.786406,False,112.0,143.0,143.0,143.0,31.0,11.31,True,0.1874,0.7663,0.8521
C:\My_Project\AIGC\stylegan2_test\fake\9ZB4RQT9UA.jpg,stylegan2_ood,jpeg_q70,jpeg,0.808479,0.823728,0.015249,True,112.0,143.0,80.0,111.0,45.25,,True,0.3256,0.9089,0.9862
C:\My_Project\AIGC\stylegan2_test\fake\9ZB4RQT9UA.jpg,stylegan2_ood,crop90,crop,0.808479,0.860572,0.052093,True,112.0,143.0,112.0,112.0,31.0,,True,0.2023,0.8076,0.945
C:\My_Project\AIGC\stylegan2_test\fake\BXD2F7KMWA.jpg,stylegan2_ood,translate_+8_+8,translation,0.831769,0.840622,0.008853,True,80.0,112.0,143.0,112.0,63.0,11.31,True,0.4457,0.5644,0.8869
C:\My_Project\AIGC\stylegan2_test\fake\BXD2F7KMWA.jpg,stylegan2_ood,translate_-8_-8,translation,0.831769,0.708582,-0.123187,True,80.0,112.0,80.0,111.0,1.0,11.31,True,0.0816,0.6302,0.8798
C:\My_Project\AIGC\stylegan2_test\fake\BXD2F7KMWA.jpg,stylegan2_ood,translate_+8_-8,translation,0.831769,0.735535,-0.096234,True,80.0,112.0,112.0,111.0,32.02,11.31,True,0.2031,0.65,0.8641
C:\My_Project\AIGC\stylegan2_test\fake\BXD2F7KMWA.jpg,stylegan2_ood,jpeg_q70,jpeg,0.831769,0.836808,0.005039,True,80.0,112.0,143.0,112.0,63.0,,True,0.5094,0.9403,0.9872
C:\My_Project\AIGC\stylegan2_test\fake\BXD2F7KMWA.jpg,stylegan2_ood,crop90,crop,0.831769,0.808968,-0.022801,True,80.0,112.0,143.0,112.0,63.0,,True,0.4846,0.9094,0.9468
C:\My_Project\AIGC\stylegan2_test\fake\DEBW16E2CA.jpg,stylegan2_ood,translate_+8_+8,translation,0.822184,0.202477,-0.619708,False,112.0,112.0,143.0,112.0,31.0,11.31,True,0.1908,0.726,0.9237
C:\My_Project\AIGC\stylegan2_test\fake\DEBW16E2CA.jpg,stylegan2_ood,translate_-8_-8,translation,0.822184,0.238629,-0.583556,False,112.0,112.0,143.0,112.0,31.0,11.31,True,0.3047,0.7435,0.8875
C:\My_Project\AIGC\stylegan2_test\fake\DEBW16E2CA.jpg,stylegan2_ood,translate_+8_-8,translation,0.822184,0.118314,-0.70387,False,112.0,112.0,143.0,112.0,31.0,11.31,True,0.1825,0.7362,0.9182
C:\My_Project\AIGC\stylegan2_test\fake\DEBW16E2CA.jpg,stylegan2_ood,jpeg_q70,jpeg,0.822184,0.821567,-0.000618,True,112.0,112.0,112.0,112.0,0.0,,True,0.0018,0.887,0.9927
C:\My_Project\AIGC\stylegan2_test\fake\DEBW16E2CA.jpg,stylegan2_ood,crop90,crop,0.822184,0.836534,0.01435,True,112.0,112.0,112.0,143.0,31.0,,True,0.1876,0.8571,0.9474
C:\My_Project\AIGC\stylegan2_test\fake\DXY4M1MLQ7.jpg,stylegan2_ood,translate_+8_+8,translation,0.801401,0.595707,-0.205694,True,111.0,112.0,112.0,112.0,1.0,11.31,True,0.0744,0.4904,0.8151
C:\My_Project\AIGC\stylegan2_test\fake\DXY4M1MLQ7.jpg,stylegan2_ood,translate_-8_-8,translation,0.801401,0.386964,-0.414437,False,111.0,112.0,80.0,111.0,31.02,11.31,True,0.1797,0.6738,0.9038
C:\My_Project\AIGC\stylegan2_test\fake\DXY4M1MLQ7.jpg,stylegan2_ood,translate_+8_-8,translation,0.801401,0.231973,-0.569428,False,111.0,112.0,111.0,111.0,1.0,11.31,True,0.0746,0.7253,0.9027
C:\My_Project\AIGC\stylegan2_test\fake\DXY4M1MLQ7.jpg,stylegan2_ood,jpeg_q70,jpeg,0.801401,0.803362,0.00196,True,111.0,112.0,143.0,112.0,32.0,,True,0.2437,0.9202,0.9825
C:\My_Project\AIGC\stylegan2_test\fake\DXY4M1MLQ7.jpg,stylegan2_ood,crop90,crop,0.801401,0.288427,-0.512974,False,111.0,112.0,80.0,143.0,43.84,,True,0.2773,0.7708,0.9341
C:\My_Project\AIGC\stylegan2_test\fake\ID9OH4XXHX.jpg,stylegan2_ood,translate_+8_+8,translation,0.826909,0.037409,-0.7895,False,80.0,112.0,112.0,112.0,32.0,11.31,True,0.2109,0.6743,0.8849
C:\My_Project\AIGC\stylegan2_test\fake\ID9OH4XXHX.jpg,stylegan2_ood,translate_-8_-8,translation,0.826909,0.619202,-0.207707,True,80.0,112.0,112.0,111.0,32.02,11.31,True,0.342,0.6794,0.8956
C:\My_Project\AIGC\stylegan2_test\fake\ID9OH4XXHX.jpg,stylegan2_ood,translate_+8_-8,translation,0.826909,0.476681,-0.350228,False,80.0,112.0,112.0,111.0,32.02,11.31,True,0.2082,0.7315,0.8318
C:\My_Project\AIGC\stylegan2_test\fake\ID9OH4XXHX.jpg,stylegan2_ood,jpeg_q70,jpeg,0.826909,0.82822,0.001311,True,80.0,112.0,111.0,112.0,31.0,,True,0.2584,0.8909,0.9691
C:\My_Project\AIGC\stylegan2_test\fake\ID9OH4XXHX.jpg,stylegan2_ood,crop90,crop,0.826909,0.808062,-0.018847,True,80.0,112.0,111.0,112.0,31.0,,True,0.2596,0.8081,0.9157
C:\My_Project\AIGC\stylegan2_test\fake\LW30200T8S.jpg,stylegan2_ood,translate_+8_+8,translation,0.797981,0.642412,-0.155569,True,143.0,112.0,143.0,112.0,0.0,11.31,True,0.0898,0.688,0.9243
C:\My_Project\AIGC\stylegan2_test\fake\LW30200T8S.jpg,stylegan2_ood,translate_-8_-8,translation,0.797981,0.21833,-0.579652,False,143.0,112.0,112.0,111.0,31.02,11.31,True,0.2025,0.7177,0.8619
C:\My_Project\AIGC\stylegan2_test\fake\LW30200T8S.jpg,stylegan2_ood,translate_+8_-8,translation,0.797981,0.07999,-0.717992,False,143.0,112.0,112.0,111.0,31.02,11.31,True,0.3357,0.791,0.8906
C:\My_Project\AIGC\stylegan2_test\fake\LW30200T8S.jpg,stylegan2_ood,jpeg_q70,jpeg,0.797981,0.78202,-0.015962,True,143.0,112.0,143.0,112.0,0.0,,True,0.0016,0.893,0.9806
C:\My_Project\AIGC\stylegan2_test\fake\LW30200T8S.jpg,stylegan2_ood,crop90,crop,0.797981,0.796081,-0.0019,True,143.0,112.0,111.0,112.0,32.0,,True,0.273,0.7244,0.8714
C:\My_Project\AIGC\stylegan2_test\fake\MHDZUQWTKO.jpg,stylegan2_ood,translate_+8_+8,translation,0.826148,0.169598,-0.65655,False,80.0,112.0,112.0,112.0,32.0,11.31,True,0.2116,0.6365,0.8792
C:\My_Project\AIGC\stylegan2_test\fake\MHDZUQWTKO.jpg,stylegan2_ood,translate_-8_-8,translation,0.826148,0.139287,-0.686861,False,80.0,112.0,80.0,111.0,1.0,11.31,True,0.0801,0.6791,0.901
C:\My_Project\AIGC\stylegan2_test\fake\MHDZUQWTKO.jpg,stylegan2_ood,translate_+8_-8,translation,0.826148,0.302384,-0.523764,False,80.0,112.0,112.0,111.0,32.02,11.31,True,0.2071,0.7315,0.8841
C:\My_Project\AIGC\stylegan2_test\fake\MHDZUQWTKO.jpg,stylegan2_ood,jpeg_q70,jpeg,0.826148,0.822697,-0.003451,True,80.0,112.0,80.0,112.0,0.0,,True,0.0041,0.9326,0.9829
C:\My_Project\AIGC\stylegan2_test\fake\MHDZUQWTKO.jpg,stylegan2_ood,crop90,crop,0.826148,0.852084,0.025936,True,80.0,112.0,80.0,112.0,0.0,,True,0.0254,0.8783,0.9205
C:\My_Project\AIGC\stylegan2_test\fake\RE9I0JZ8XC.jpg,stylegan2_ood,translate_+8_+8,translation,0.842645,0.54081,-0.301834,True,111.0,112.0,112.0,112.0,1.0,11.31,True,0.0785,0.6742,0.8673
C:\My_Project\AIGC\stylegan2_test\fake\RE9I0JZ8XC.jpg,stylegan2_ood,translate_-8_-8,translation,0.842645,0.553389,-0.289255,True,111.0,112.0,143.0,112.0,32.0,11.31,True,0.3384,0.7594,0.8078
C:\My_Project\AIGC\stylegan2_test\fake\RE9I0JZ8XC.jpg,stylegan2_ood,translate_+8_-8,translation,0.842645,0.511978,-0.330667,True,111.0,112.0,112.0,112.0,1.0,11.31,True,0.0802,0.7755,0.853
C:\My_Project\AIGC\stylegan2_test\fake\RE9I0JZ8XC.jpg,stylegan2_ood,jpeg_q70,jpeg,0.842645,0.842229,-0.000416,True,111.0,112.0,112.0,112.0,1.0,,True,0.008,0.8834,0.9813
C:\My_Project\AIGC\stylegan2_test\fake\RE9I0JZ8XC.jpg,stylegan2_ood,crop90,crop,0.842645,0.839563,-0.003081,True,111.0,112.0,143.0,112.0,32.0,,True,0.2448,0.7149,0.9211
C:\My_Project\AIGC\stylegan2_test\fake\T84A6WMUGJ.jpg,stylegan2_ood,translate_+8_+8,translation,0.81775,0.255352,-0.562398,False,80.0,112.0,143.0,112.0,63.0,11.31,True,0.4661,0.5423,0.849
C:\My_Project\AIGC\stylegan2_test\fake\T84A6WMUGJ.jpg,stylegan2_ood,translate_-8_-8,translation,0.81775,0.574443,-0.243307,True,80.0,112.0,80.0,111.0,1.0,11.31,True,0.0788,0.5931,0.8601
C:\My_Project\AIGC\stylegan2_test\fake\T84A6WMUGJ.jpg,stylegan2_ood,translate_+8_-8,translation,0.81775,0.091276,-0.726474,False,80.0,112.0,143.0,111.0,63.01,11.31,True,0.4648,0.6019,0.8821
C:\My_Project\AIGC\stylegan2_test\fake\T84A6WMUGJ.jpg,stylegan2_ood,jpeg_q70,jpeg,0.81775,0.811202,-0.006548,True,80.0,112.0,80.0,112.0,0.0,,True,0.0057,0.885,0.9533
C:\My_Project\AIGC\stylegan2_test\fake\T84A6WMUGJ.jpg,stylegan2_ood,crop90,crop,0.81775,0.820993,0.003242,True,80.0,112.0,112.0,112.0,32.0,,True,0.2658,0.7132,0.8461
C:\My_Project\AIGC\stylegan2_test\fake\U7U3VI9OU9.jpg,stylegan2_ood,translate_+8_+8,translation,0.818958,0.493548,-0.32541,True,143.0,112.0,111.0,112.0,32.0,11.31,True,0.3434,0.7173,0.8518
C:\My_Project\AIGC\stylegan2_test\fake\U7U3VI9OU9.jpg,stylegan2_ood,translate_-8_-8,translation,0.818958,0.111053,-0.707906,False,143.0,112.0,80.0,111.0,63.01,11.31,True,0.4676,0.7625,0.9094
C:\My_Project\AIGC\stylegan2_test\fake\U7U3VI9OU9.jpg,stylegan2_ood,translate_+8_-8,translation,0.818958,0.049191,-0.769767,False,143.0,112.0,112.0,111.0,31.02,11.31,True,0.3337,0.7423,0.8767
C:\My_Project\AIGC\stylegan2_test\fake\U7U3VI9OU9.jpg,stylegan2_ood,jpeg_q70,jpeg,0.818958,0.82043,0.001472,True,143.0,112.0,143.0,112.0,0.0,,True,0.0044,0.895,0.9426
C:\My_Project\AIGC\stylegan2_test\fake\U7U3VI9OU9.jpg,stylegan2_ood,crop90,crop,0.818958,0.843143,0.024185,True,143.0,112.0,112.0,112.0,31.0,,True,0.2641,0.7994,0.9358
C:\My_Project\AIGC\stylegan2_test\fake\VOA1F7DMQ6.jpg,stylegan2_ood,translate_+8_+8,translation,0.807301,0.124023,-0.683278,False,80.0,112.0,112.0,112.0,32.0,11.31,True,0.1932,0.7838,0.9029
C:\My_Project\AIGC\stylegan2_test\fake\VOA1F7DMQ6.jpg,stylegan2_ood,translate_-8_-8,translation,0.807301,0.594786,-0.212515,True,80.0,112.0,80.0,112.0,0.0,11.31,True,0.0816,0.7945,0.9362
C:\My_Project\AIGC\stylegan2_test\fake\VOA1F7DMQ6.jpg,stylegan2_ood,translate_+8_-8,translation,0.807301,0.706897,-0.100404,True,80.0,112.0,112.0,112.0,32.0,11.31,True,0.1929,0.811,0.9318
C:\My_Project\AIGC\stylegan2_test\fake\VOA1F7DMQ6.jpg,stylegan2_ood,jpeg_q70,jpeg,0.807301,0.827492,0.020191,True,80.0,112.0,80.0,112.0,0.0,,True,0.0025,0.9389,0.9732
C:\My_Project\AIGC\stylegan2_test\fake\VOA1F7DMQ6.jpg,stylegan2_ood,crop90,crop,0.807301,0.83073,0.023428,True,80.0,112.0,111.0,112.0,31.0,,True,0.2366,0.7194,0.9029
C:\My_Project\AIGC\stylegan2_test\fake\X0V9IP5OI8.jpg,stylegan2_ood,translate_+8_+8,translation,0.816629,0.023478,-0.793151,False,112.0,112.0,143.0,112.0,31.0,11.31,True,0.189,0.8382,0.9297
C:\My_Project\AIGC\stylegan2_test\fake\X0V9IP5OI8.jpg,stylegan2_ood,translate_-8_-8,translation,0.816629,0.061276,-0.755353,False,112.0,112.0,112.0,112.0,0.0,11.31,True,0.0789,0.8438,0.8646
C:\My_Project\AIGC\stylegan2_test\fake\X0V9IP5OI8.jpg,stylegan2_ood,translate_+8_-8,translation,0.816629,0.024655,-0.791974,False,112.0,112.0,112.0,143.0,31.0,11.31,True,0.2631,0.7644,0.907
C:\My_Project\AIGC\stylegan2_test\fake\X0V9IP5OI8.jpg,stylegan2_ood,jpeg_q70,jpeg,0.816629,0.812819,-0.00381,True,112.0,112.0,112.0,112.0,0.0,,True,0.0005,0.9257,0.9906
C:\My_Project\AIGC\stylegan2_test\fake\X0V9IP5OI8.jpg,stylegan2_ood,crop90,crop,0.816629,0.797426,-0.019203,True,112.0,112.0,143.0,112.0,31.0,,True,0.2219,0.8866,0.9583
C:\My_Project\AIGC\stylegan2_test\fake\XIXEBV6U4Y.jpg,stylegan2_ood,translate_+8_+8,translation,0.820186,0.662449,-0.157737,True,111.0,112.0,143.0,112.0,32.0,11.31,True,0.2116,0.6024,0.9096
C:\My_Project\AIGC\stylegan2_test\fake\XIXEBV6U4Y.jpg,stylegan2_ood,translate_-8_-8,translation,0.820186,0.644843,-0.175343,True,111.0,112.0,80.0,111.0,31.02,11.31,True,0.1935,0.6148,0.8849
C:\My_Project\AIGC\stylegan2_test\fake\XIXEBV6U4Y.jpg,stylegan2_ood,translate_+8_-8,translation,0.820186,0.456988,-0.363198,False,111.0,112.0,112.0,111.0,1.41,11.31,True,0.0782,0.6285,0.894
C:\My_Project\AIGC\stylegan2_test\fake\XIXEBV6U4Y.jpg,stylegan2_ood,jpeg_q70,jpeg,0.820186,0.811064,-0.009122,True,111.0,112.0,111.0,112.0,0.0,,True,0.0018,0.9573,0.9895
C:\My_Project\AIGC\stylegan2_test\fake\XIXEBV6U4Y.jpg,stylegan2_ood,crop90,crop,0.820186,0.828893,0.008707,True,111.0,112.0,111.0,112.0,0.0,,True,0.0028,0.7984,0.9659
C:\My_Project\AIGC\sd2.1\ff\360\768_116.png,truetest_df40,translate_+8_+8,translation,0.80703,0.782332,-0.024698,True,112.0,111.0,143.0,112.0,31.02,11.31,True,0.2046,0.8179,0.8834
C:\My_Project\AIGC\sd2.1\ff\360\768_116.png,truetest_df40,translate_-8_-8,translation,0.80703,0.807925,0.000895,True,112.0,111.0,143.0,111.0,31.0,11.31,True,0.3377,0.7484,0.8711
C:\My_Project\AIGC\sd2.1\ff\360\768_116.png,truetest_df40,translate_+8_-8,translation,0.80703,0.818442,0.011411,True,112.0,111.0,143.0,112.0,31.02,11.31,True,0.2109,0.7653,0.8675
C:\My_Project\AIGC\sd2.1\ff\360\768_116.png,truetest_df40,jpeg_q70,jpeg,0.80703,0.805359,-0.001672,True,112.0,111.0,112.0,111.0,0.0,,True,0.0003,0.9742,0.9949
C:\My_Project\AIGC\sd2.1\ff\360\768_116.png,truetest_df40,crop90,crop,0.80703,0.804967,-0.002063,True,112.0,111.0,112.0,111.0,0.0,,True,0.0018,0.8717,0.9098
C:\My_Project\AIGC\sd2.1\ff\065\324_241.png,truetest_df40,translate_+8_+8,translation,0.829436,0.832142,0.002706,True,80.0,144.0,111.0,144.0,31.0,11.31,True,0.1624,0.7126,0.9335
C:\My_Project\AIGC\sd2.1\ff\065\324_241.png,truetest_df40,translate_-8_-8,translation,0.829436,0.815669,-0.013767,True,80.0,144.0,80.0,143.0,1.0,11.31,True,0.077,0.7475,0.9542
C:\My_Project\AIGC\sd2.1\ff\065\324_241.png,truetest_df40,translate_+8_-8,translation,0.829436,0.839041,0.009605,True,80.0,144.0,143.0,144.0,63.0,11.31,True,0.3855,0.7291,0.8958
C:\My_Project\AIGC\sd2.1\ff\065\324_241.png,truetest_df40,jpeg_q70,jpeg,0.829436,0.838117,0.00868,True,80.0,144.0,111.0,143.0,31.02,,True,0.2164,0.9171,0.9871
C:\My_Project\AIGC\sd2.1\ff\065\324_241.png,truetest_df40,crop90,crop,0.829436,0.83844,0.009003,True,80.0,144.0,80.0,144.0,0.0,,True,0.0221,0.7413,0.9347
C:\My_Project\AIGC\sd2.1\cdf\YouTube-real\00075\Celeb-real_id41_0001_000.png,truetest_df40,translate_+8_+8,translation,0.829158,0.802239,-0.02692,True,112.0,112.0,112.0,143.0,31.0,11.31,True,0.2017,0.7547,0.9557
C:\My_Project\AIGC\sd2.1\cdf\YouTube-real\00075\Celeb-real_id41_0001_000.png,truetest_df40,translate_-8_-8,translation,0.829158,0.820771,-0.008387,True,112.0,112.0,112.0,112.0,0.0,11.31,True,0.0956,0.7932,0.941
C:\My_Project\AIGC\sd2.1\cdf\YouTube-real\00075\Celeb-real_id41_0001_000.png,truetest_df40,translate_+8_-8,translation,0.829158,0.812407,-0.016752,True,112.0,112.0,143.0,112.0,31.0,11.31,True,0.2159,0.8079,0.9388
C:\My_Project\AIGC\sd2.1\cdf\YouTube-real\00075\Celeb-real_id41_0001_000.png,truetest_df40,jpeg_q70,jpeg,0.829158,0.823967,-0.005192,True,112.0,112.0,112.0,112.0,0.0,,True,0.0016,0.9539,0.9923
C:\My_Project\AIGC\sd2.1\cdf\YouTube-real\00075\Celeb-real_id41_0001_000.png,truetest_df40,crop90,crop,0.829158,0.823779,-0.00538,True,112.0,112.0,112.0,112.0,0.0,,True,0.0026,0.8995,0.9726
C:\My_Project\AIGC\DiT\cdf\Fake_from_Celeb-real\id29_0006\20335.png,truetest_df40,translate_+8_+8,translation,0.826265,0.810928,-0.015336,True,143.0,112.0,143.0,112.0,0.0,11.31,True,0.0914,0.9038,0.9442
C:\My_Project\AIGC\DiT\cdf\Fake_from_Celeb-real\id29_0006\20335.png,truetest_df40,translate_-8_-8,translation,0.826265,0.816977,-0.009288,True,143.0,112.0,112.0,143.0,43.84,11.31,True,0.3368,0.8361,0.9432
C:\My_Project\AIGC\DiT\cdf\Fake_from_Celeb-real\id29_0006\20335.png,truetest_df40,translate_+8_-8,translation,0.826265,0.803939,-0.022326,True,143.0,112.0,143.0,112.0,0.0,11.31,True,0.0896,0.8941,0.9506
C:\My_Project\AIGC\DiT\cdf\Fake_from_Celeb-real\id29_0006\20335.png,truetest_df40,jpeg_q70,jpeg,0.826265,0.816948,-0.009317,True,143.0,112.0,143.0,112.0,0.0,,True,0.004,0.918,0.98
C:\My_Project\AIGC\DiT\cdf\Fake_from_Celeb-real\id29_0006\20335.png,truetest_df40,crop90,crop,0.826265,0.819552,-0.006713,True,143.0,112.0,143.0,112.0,0.0,,True,0.0295,0.8523,0.9515
C:\My_Project\AIGC\DiT\cdf\Fake_from_Youtube-real\00070\22616.png,truetest_df40,translate_+8_+8,translation,0.836074,0.816125,-0.019949,True,111.0,112.0,143.0,112.0,32.0,11.31,True,0.198,0.7843,0.9426
C:\My_Project\AIGC\DiT\cdf\Fake_from_Youtube-real\00070\22616.png,truetest_df40,translate_-8_-8,translation,0.836074,0.8277,-0.008374,True,111.0,112.0,112.0,111.0,1.41,11.31,True,0.0894,0.7417,0.9574
C:\My_Project\AIGC\DiT\cdf\Fake_from_Youtube-real\00070\22616.png,truetest_df40,translate_+8_-8,translation,0.836074,0.811244,-0.02483,True,111.0,112.0,143.0,111.0,32.02,11.31,True,0.1948,0.8221,0.973
C:\My_Project\AIGC\DiT\cdf\Fake_from_Youtube-real\00070\22616.png,truetest_df40,jpeg_q70,jpeg,0.836074,0.817777,-0.018297,True,111.0,112.0,111.0,112.0,0.0,,True,0.0042,0.9406,0.9823
C:\My_Project\AIGC\DiT\cdf\Fake_from_Youtube-real\00070\22616.png,truetest_df40,crop90,crop,0.836074,0.840176,0.004102,True,111.0,112.0,112.0,112.0,1.0,,True,0.0062,0.8717,0.9469
C:\My_Project\AIGC\DiT\ff\423\297.png,truetest_df40,translate_+8_+8,translation,0.840353,0.830593,-0.00976,True,112.0,112.0,112.0,112.0,0.0,11.31,True,0.0889,0.8006,0.9143
C:\My_Project\AIGC\DiT\ff\423\297.png,truetest_df40,translate_-8_-8,translation,0.840353,0.836685,-0.003668,True,112.0,112.0,112.0,112.0,0.0,11.31,True,0.0866,0.814,0.9501
C:\My_Project\AIGC\DiT\ff\423\297.png,truetest_df40,translate_+8_-8,translation,0.840353,0.839861,-0.000492,True,112.0,112.0,112.0,111.0,1.0,11.31,True,0.0845,0.8588,0.9199
C:\My_Project\AIGC\DiT\ff\423\297.png,truetest_df40,jpeg_q70,jpeg,0.840353,0.823212,-0.017141,True,112.0,112.0,111.0,112.0,1.0,,True,0.0096,0.9125,0.9899
C:\My_Project\AIGC\DiT\ff\423\297.png,truetest_df40,crop90,crop,0.840353,0.826627,-0.013725,True,112.0,112.0,111.0,112.0,1.0,,True,0.0097,0.8897,0.9612
C:\My_Project\AIGC\DiT\cdf\Fake_from_Youtube-real\00220\19406.png,truetest_df40,translate_+8_+8,translation,0.831414,0.799794,-0.03162,True,111.0,112.0,143.0,112.0,32.0,11.31,True,0.2152,0.7706,0.923
C:\My_Project\AIGC\DiT\cdf\Fake_from_Youtube-real\00220\19406.png,truetest_df40,translate_-8_-8,translation,0.831414,0.845513,0.014099,True,111.0,112.0,112.0,112.0,1.0,11.31,True,0.0948,0.7785,0.9135
C:\My_Project\AIGC\DiT\cdf\Fake_from_Youtube-real\00220\19406.png,truetest_df40,translate_+8_-8,translation,0.831414,0.840249,0.008835,True,111.0,112.0,143.0,112.0,32.0,11.31,True,0.2186,0.8393,0.9054
C:\My_Project\AIGC\DiT\cdf\Fake_from_Youtube-real\00220\19406.png,truetest_df40,jpeg_q70,jpeg,0.831414,0.826849,-0.004566,True,111.0,112.0,111.0,112.0,0.0,,True,0.0017,0.9116,0.9713
C:\My_Project\AIGC\DiT\cdf\Fake_from_Youtube-real\00220\19406.png,truetest_df40,crop90,crop,0.831414,0.832226,0.000812,True,111.0,112.0,80.0,112.0,31.0,,True,0.2316,0.8614,0.9514
C:\My_Project\AIGC\SiT\cdf\Fake_from_Celeb-real\id40_0009\14601.png,truetest_df40,translate_+8_+8,translation,0.83848,0.815282,-0.023198,True,143.0,112.0,111.0,112.0,32.0,11.31,True,0.347,0.7578,0.9254
C:\My_Project\AIGC\SiT\cdf\Fake_from_Celeb-real\id40_0009\14601.png,truetest_df40,translate_-8_-8,translation,0.83848,0.837284,-0.001197,True,143.0,112.0,80.0,112.0,63.0,11.31,True,0.4643,0.8234,0.9527
C:\My_Project\AIGC\SiT\cdf\Fake_from_Celeb-real\id40_0009\14601.png,truetest_df40,translate_+8_-8,translation,0.83848,0.82716,-0.011321,True,143.0,112.0,80.0,112.0,63.0,11.31,True,0.6014,0.7417,0.935
C:\My_Project\AIGC\SiT\cdf\Fake_from_Celeb-real\id40_0009\14601.png,truetest_df40,jpeg_q70,jpeg,0.83848,0.836572,-0.001908,True,143.0,112.0,143.0,112.0,0.0,,True,0.0005,0.8859,0.9852
C:\My_Project\AIGC\SiT\cdf\Fake_from_Celeb-real\id40_0009\14601.png,truetest_df40,crop90,crop,0.83848,0.831335,-0.007145,True,143.0,112.0,143.0,112.0,0.0,,True,0.0253,0.7521,0.9432
C:\My_Project\AIGC\SiT\cdf\Fake_from_Celeb-real\id32_0003\23872.png,truetest_df40,translate_+8_+8,translation,0.872171,0.839125,-0.033046,True,143.0,112.0,112.0,112.0,31.0,11.31,True,0.3268,0.7101,0.9427
C:\My_Project\AIGC\SiT\cdf\Fake_from_Celeb-real\id32_0003\23872.png,truetest_df40,translate_-8_-8,translation,0.872171,0.853688,-0.018483,True,143.0,112.0,112.0,112.0,31.0,11.31,True,0.1952,0.9011,0.9684
C:\My_Project\AIGC\SiT\cdf\Fake_from_Celeb-real\id32_0003\23872.png,truetest_df40,translate_+8_-8,translation,0.872171,0.839874,-0.032296,True,143.0,112.0,112.0,112.0,31.0,11.31,True,0.3229,0.7918,0.9591
C:\My_Project\AIGC\SiT\cdf\Fake_from_Celeb-real\id32_0003\23872.png,truetest_df40,jpeg_q70,jpeg,0.872171,0.854739,-0.017431,True,143.0,112.0,143.0,112.0,0.0,,True,0.0011,0.8907,0.9868
C:\My_Project\AIGC\SiT\cdf\Fake_from_Celeb-real\id32_0003\23872.png,truetest_df40,crop90,crop,0.872171,0.854456,-0.017715,True,143.0,112.0,143.0,112.0,0.0,,True,0.0229,0.7499,0.9516
C:\My_Project\AIGC\SiT\cdf\Fake_from_Youtube-real\00064\1599.png,truetest_df40,translate_+8_+8,translation,0.811046,0.815687,0.004641,True,143.0,112.0,112.0,112.0,31.0,11.31,True,0.3436,0.763,0.951
C:\My_Project\AIGC\SiT\cdf\Fake_from_Youtube-real\00064\1599.png,truetest_df40,translate_-8_-8,translation,0.811046,0.800046,-0.011,True,143.0,112.0,112.0,112.0,31.0,11.31,True,0.2021,0.7607,0.9533
C:\My_Project\AIGC\SiT\cdf\Fake_from_Youtube-real\00064\1599.png,truetest_df40,translate_+8_-8,translation,0.811046,0.785185,-0.025862,True,143.0,112.0,143.0,112.0,0.0,11.31,True,0.0865,0.8465,0.9249
C:\My_Project\AIGC\SiT\cdf\Fake_from_Youtube-real\00064\1599.png,truetest_df40,jpeg_q70,jpeg,0.811046,0.790899,-0.020148,True,143.0,112.0,112.0,112.0,31.0,,True,0.2715,0.9133,0.9687
C:\My_Project\AIGC\SiT\cdf\Fake_from_Youtube-real\00064\1599.png,truetest_df40,crop90,crop,0.811046,0.816866,0.005819,True,143.0,112.0,143.0,112.0,0.0,,True,0.0246,0.8997,0.9572
C:\My_Project\AIGC\ddim\cdf\Fake_from_Celeb-real\id59_0004\YouTube-real_00018_420.png,truetest_df40,translate_+8_+8,translation,0.829741,0.291113,-0.538629,False,111.0,112.0,112.0,112.0,1.0,11.31,True,0.0785,0.5837,0.846
C:\My_Project\AIGC\ddim\cdf\Fake_from_Celeb-real\id59_0004\YouTube-real_00018_420.png,truetest_df40,translate_-8_-8,translation,0.829741,0.158666,-0.671075,False,111.0,112.0,80.0,111.0,31.02,11.31,True,0.1941,0.7878,0.8941
C:\My_Project\AIGC\ddim\cdf\Fake_from_Celeb-real\id59_0004\YouTube-real_00018_420.png,truetest_df40,translate_+8_-8,translation,0.829741,0.083199,-0.746542,False,111.0,112.0,112.0,111.0,1.41,11.31,True,0.0722,0.7763,0.8754
C:\My_Project\AIGC\ddim\cdf\Fake_from_Celeb-real\id59_0004\YouTube-real_00018_420.png,truetest_df40,jpeg_q70,jpeg,0.829741,0.803507,-0.026235,True,111.0,112.0,143.0,112.0,32.0,,True,0.2619,0.9058,0.9793
C:\My_Project\AIGC\ddim\cdf\Fake_from_Celeb-real\id59_0004\YouTube-real_00018_420.png,truetest_df40,crop90,crop,0.829741,0.79256,-0.037182,True,111.0,112.0,111.0,112.0,0.0,,True,0.0013,0.8701,0.9241
C:\My_Project\AIGC\pixart\cdf\Fake_from_Celeb-real\id5_0004\Celeb-real_id33_0002_290.png,truetest_df40,translate_+8_+8,translation,0.859957,0.835225,-0.024731,True,112.0,111.0,143.0,112.0,31.02,11.31,True,0.2332,0.8904,0.9596
C:\My_Project\AIGC\pixart\cdf\Fake_from_Celeb-real\id5_0004\Celeb-real_id33_0002_290.png,truetest_df40,translate_-8_-8,translation,0.859957,0.836722,-0.023235,True,112.0,111.0,111.0,80.0,31.02,11.31,True,0.2047,0.7454,0.905
C:\My_Project\AIGC\pixart\cdf\Fake_from_Celeb-real\id5_0004\Celeb-real_id33_0002_290.png,truetest_df40,translate_+8_-8,translation,0.859957,0.839029,-0.020927,True,112.0,111.0,143.0,80.0,43.84,11.31,True,0.2993,0.7466,0.8902
C:\My_Project\AIGC\pixart\cdf\Fake_from_Celeb-real\id5_0004\Celeb-real_id33_0002_290.png,truetest_df40,jpeg_q70,jpeg,0.859957,0.877568,0.017611,True,112.0,111.0,112.0,111.0,0.0,,True,0.0002,0.9721,0.9963
C:\My_Project\AIGC\pixart\cdf\Fake_from_Celeb-real\id5_0004\Celeb-real_id33_0002_290.png,truetest_df40,crop90,crop,0.859957,0.825211,-0.034745,True,112.0,111.0,112.0,111.0,0.0,,True,0.0019,0.9254,0.97
C:\My_Project\AIGC\pixart\cdf\Fake_from_Celeb-real\id4_0003\Celeb-real_id16_0006_000.png,truetest_df40,translate_+8_+8,translation,0.862688,0.848364,-0.014323,True,112.0,112.0,112.0,112.0,0.0,11.31,True,0.0701,0.8058,0.948
C:\My_Project\AIGC\pixart\cdf\Fake_from_Celeb-real\id4_0003\Celeb-real_id16_0006_000.png,truetest_df40,translate_-8_-8,translation,0.862688,0.849025,-0.013662,True,112.0,112.0,112.0,112.0,0.0,11.31,True,0.0772,0.8364,0.9566
C:\My_Project\AIGC\pixart\cdf\Fake_from_Celeb-real\id4_0003\Celeb-real_id16_0006_000.png,truetest_df40,translate_+8_-8,translation,0.862688,0.849669,-0.013018,True,112.0,112.0,112.0,111.0,1.0,11.31,True,0.0706,0.7829,0.952
C:\My_Project\AIGC\pixart\cdf\Fake_from_Celeb-real\id4_0003\Celeb-real_id16_0006_000.png,truetest_df40,jpeg_q70,jpeg,0.862688,0.874331,0.011644,True,112.0,112.0,112.0,112.0,0.0,,True,0.0006,0.9552,0.9915
C:\My_Project\AIGC\pixart\cdf\Fake_from_Celeb-real\id4_0003\Celeb-real_id16_0006_000.png,truetest_df40,crop90,crop,0.862688,0.844355,-0.018333,True,112.0,112.0,143.0,112.0,31.0,,True,0.1969,0.8457,0.9646
C:\My_Project\AIGC\pixart\cdf\Fake_from_Youtube-real\00190\YouTube-real_00202_417.png,truetest_df40,translate_+8_+8,translation,0.832648,0.774115,-0.058534,True,112.0,112.0,112.0,112.0,0.0,11.31,True,0.0704,0.8599,0.9305
C:\My_Project\AIGC\pixart\cdf\Fake_from_Youtube-real\00190\YouTube-real_00202_417.png,truetest_df40,translate_-8_-8,translation,0.832648,0.79622,-0.036428,True,112.0,112.0,111.0,112.0,1.0,11.31,True,0.0661,0.8047,0.9485
C:\My_Project\AIGC\pixart\cdf\Fake_from_Youtube-real\00190\YouTube-real_00202_417.png,truetest_df40,translate_+8_-8,translation,0.832648,0.803349,-0.029299,True,112.0,112.0,112.0,112.0,0.0,11.31,True,0.076,0.8376,0.9338
C:\My_Project\AIGC\pixart\cdf\Fake_from_Youtube-real\00190\YouTube-real_00202_417.png,truetest_df40,jpeg_q70,jpeg,0.832648,0.841628,0.00898,True,112.0,112.0,112.0,112.0,0.0,,True,0.0013,0.9232,0.996
C:\My_Project\AIGC\pixart\cdf\Fake_from_Youtube-real\00190\YouTube-real_00202_417.png,truetest_df40,crop90,crop,0.832648,0.802036,-0.030613,True,112.0,112.0,112.0,112.0,0.0,,True,0.0157,0.8775,0.9452
C:\My_Project\AIGC\pixart\cdf\Fake_from_Celeb-real\id9_0009\YouTube-real_00207_016.png,truetest_df40,translate_+8_+8,translation,0.847645,0.82623,-0.021415,True,112.0,112.0,143.0,112.0,31.0,11.31,True,0.1933,0.8133,0.9513
C:\My_Project\AIGC\pixart\cdf\Fake_from_Celeb-real\id9_0009\YouTube-real_00207_016.png,truetest_df40,translate_-8_-8,translation,0.847645,0.839388,-0.008256,True,112.0,112.0,111.0,112.0,1.0,11.31,True,0.0791,0.8501,0.9648
C:\My_Project\AIGC\pixart\cdf\Fake_from_Celeb-real\id9_0009\YouTube-real_00207_016.png,truetest_df40,translate_+8_-8,translation,0.847645,0.831955,-0.015689,True,112.0,112.0,112.0,112.0,0.0,11.31,True,0.0822,0.8464,0.9725
C:\My_Project\AIGC\pixart\cdf\Fake_from_Celeb-real\id9_0009\YouTube-real_00207_016.png,truetest_df40,jpeg_q70,jpeg,0.847645,0.855837,0.008192,True,112.0,112.0,143.0,112.0,31.0,,True,0.2486,0.9824,0.9949
C:\My_Project\AIGC\pixart\cdf\Fake_from_Celeb-real\id9_0009\YouTube-real_00207_016.png,truetest_df40,crop90,crop,0.847645,0.832101,-0.015544,True,112.0,112.0,111.0,112.0,1.0,,True,0.0054,0.9158,0.9722
C:\My_Project\AIGC\MidJourney\fake\13592447708_Clean_East_Asian_female_face_face_only_shown_face_c_9a291ec4-afb9-4bb5-ae51-b6c6a0eb0231.png,truetest_df40,translate_+8_+8,translation,0.847559,0.852759,0.0052,True,143.0,80.0,143.0,111.0,31.0,11.31,True,0.2773,0.8049,0.9172
C:\My_Project\AIGC\MidJourney\fake\13592447708_Clean_East_Asian_female_face_face_only_shown_face_c_9a291ec4-afb9-4bb5-ae51-b6c6a0eb0231.png,truetest_df40,translate_-8_-8,translation,0.847559,0.819815,-0.027744,True,143.0,80.0,112.0,80.0,31.0,11.31,True,0.3045,0.7081,0.894
C:\My_Project\AIGC\MidJourney\fake\13592447708_Clean_East_Asian_female_face_face_only_shown_face_c_9a291ec4-afb9-4bb5-ae51-b6c6a0eb0231.png,truetest_df40,translate_+8_-8,translation,0.847559,0.846857,-0.000702,True,143.0,80.0,112.0,80.0,31.0,11.31,True,0.5008,0.6981,0.8874
C:\My_Project\AIGC\MidJourney\fake\13592447708_Clean_East_Asian_female_face_face_only_shown_face_c_9a291ec4-afb9-4bb5-ae51-b6c6a0eb0231.png,truetest_df40,jpeg_q70,jpeg,0.847559,0.854258,0.006699,True,143.0,80.0,143.0,80.0,0.0,,True,0.0009,0.9709,0.9955
C:\My_Project\AIGC\MidJourney\fake\13592447708_Clean_East_Asian_female_face_face_only_shown_face_c_9a291ec4-afb9-4bb5-ae51-b6c6a0eb0231.png,truetest_df40,crop90,crop,0.847559,0.833734,-0.013825,True,143.0,80.0,143.0,80.0,0.0,,True,0.054,0.8065,0.9354
C:\My_Project\AIGC\MidJourney\fake\13592447708_Clean_caucasian_female_face_face_only_shown_face_cl_371aa179-9997-4f8e-971b-d379834f6fba.png,truetest_df40,translate_+8_+8,translation,0.795755,0.753055,-0.042701,True,143.0,80.0,143.0,80.0,0.0,11.31,True,0.0896,0.8202,0.9066
C:\My_Project\AIGC\MidJourney\fake\13592447708_Clean_caucasian_female_face_face_only_shown_face_cl_371aa179-9997-4f8e-971b-d379834f6fba.png,truetest_df40,translate_-8_-8,translation,0.795755,0.810569,0.014813,True,143.0,80.0,143.0,79.0,1.0,11.31,True,0.0702,0.7571,0.9323
C:\My_Project\AIGC\MidJourney\fake\13592447708_Clean_caucasian_female_face_face_only_shown_face_cl_371aa179-9997-4f8e-971b-d379834f6fba.png,truetest_df40,translate_+8_-8,translation,0.795755,0.813675,0.017919,True,143.0,80.0,143.0,80.0,0.0,11.31,True,0.0829,0.7607,0.9293
C:\My_Project\AIGC\MidJourney\fake\13592447708_Clean_caucasian_female_face_face_only_shown_face_cl_371aa179-9997-4f8e-971b-d379834f6fba.png,truetest_df40,jpeg_q70,jpeg,0.795755,0.813946,0.018191,True,143.0,80.0,143.0,80.0,0.0,,True,0.0002,0.9746,0.9981
C:\My_Project\AIGC\MidJourney\fake\13592447708_Clean_caucasian_female_face_face_only_shown_face_cl_371aa179-9997-4f8e-971b-d379834f6fba.png,truetest_df40,crop90,crop,0.795755,0.77962,-0.016135,True,143.0,80.0,143.0,80.0,0.0,,True,0.0273,0.8652,0.9482
C:\My_Project\AIGC\MidJourney\fake\13592447708_Single_person_black_male_looking_at_the_camera_faci_98af1a10-6ac8-4ca8-b1c5-ea25c727725d.png,truetest_df40,translate_+8_+8,translation,0.68399,0.339536,-0.344454,False,112.0,111.0,112.0,111.0,0.0,11.31,True,0.1365,0.7528,0.857
C:\My_Project\AIGC\MidJourney\fake\13592447708_Single_person_black_male_looking_at_the_camera_faci_98af1a10-6ac8-4ca8-b1c5-ea25c727725d.png,truetest_df40,translate_-8_-8,translation,0.68399,0.468773,-0.215217,False,112.0,111.0,111.0,80.0,31.02,11.31,True,0.2724,0.8058,0.9501
C:\My_Project\AIGC\MidJourney\fake\13592447708_Single_person_black_male_looking_at_the_camera_faci_98af1a10-6ac8-4ca8-b1c5-ea25c727725d.png,truetest_df40,translate_+8_-8,translation,0.68399,0.468918,-0.215072,False,112.0,111.0,112.0,80.0,31.0,11.31,True,0.2751,0.8002,0.9007
C:\My_Project\AIGC\MidJourney\fake\13592447708_Single_person_black_male_looking_at_the_camera_faci_98af1a10-6ac8-4ca8-b1c5-ea25c727725d.png,truetest_df40,jpeg_q70,jpeg,0.68399,0.318629,-0.365361,False,112.0,111.0,112.0,111.0,0.0,,True,0.0011,0.977,0.9945
C:\My_Project\AIGC\MidJourney\fake\13592447708_Single_person_black_male_looking_at_the_camera_faci_98af1a10-6ac8-4ca8-b1c5-ea25c727725d.png,truetest_df40,crop90,crop,0.68399,0.119221,-0.564769,False,112.0,111.0,112.0,80.0,31.0,,True,0.3053,0.9388,0.9358
C:\My_Project\AIGC\MidJourney\fake\13592447708_Single_person_East_Asian_woman_looking_at_the_camer_77845836-0438-4211-80f8-57975f4c3ed3.png,truetest_df40,translate_+8_+8,translation,0.843524,0.837677,-0.005847,True,112.0,80.0,112.0,80.0,0.0,11.31,True,0.166,0.7191,0.9044
C:\My_Project\AIGC\MidJourney\fake\13592447708_Single_person_East_Asian_woman_looking_at_the_camer_77845836-0438-4211-80f8-57975f4c3ed3.png,truetest_df40,translate_-8_-8,translation,0.843524,0.825423,-0.018101,True,112.0,80.0,111.0,80.0,1.0,11.31,True,0.1538,0.8062,0.9132
C:\My_Project\AIGC\MidJourney\fake\13592447708_Single_person_East_Asian_woman_looking_at_the_camer_77845836-0438-4211-80f8-57975f4c3ed3.png,truetest_df40,translate_+8_-8,translation,0.843524,0.851719,0.008194,True,112.0,80.0,112.0,80.0,0.0,11.31,True,0.1618,0.763,0.9131
C:\My_Project\AIGC\MidJourney\fake\13592447708_Single_person_East_Asian_woman_looking_at_the_camer_77845836-0438-4211-80f8-57975f4c3ed3.png,truetest_df40,jpeg_q70,jpeg,0.843524,0.86366,0.020136,True,112.0,80.0,112.0,80.0,0.0,,True,0.0003,0.9425,0.9893
C:\My_Project\AIGC\MidJourney\fake\13592447708_Single_person_East_Asian_woman_looking_at_the_camer_77845836-0438-4211-80f8-57975f4c3ed3.png,truetest_df40,crop90,crop,0.843524,0.762062,-0.081463,True,112.0,80.0,112.0,80.0,0.0,,True,0.0406,0.7984,0.9382
C:\My_Project\AIGC\MidJourney\fake\13592447708_Single_person_East_Asian_male_looking_at_the_camera_78f40ad6-2361-4e4e-be75-f7932e116674.png,truetest_df40,translate_+8_+8,translation,0.860988,0.822887,-0.0381,True,112.0,111.0,112.0,111.0,0.0,11.31,True,0.1652,0.7442,0.9229
C:\My_Project\AIGC\MidJourney\fake\13592447708_Single_person_East_Asian_male_looking_at_the_camera_78f40ad6-2361-4e4e-be75-f7932e116674.png,truetest_df40,translate_-8_-8,translation,0.860988,0.835695,-0.025293,True,112.0,111.0,111.0,111.0,1.0,11.31,True,0.1495,0.7989,0.9334
C:\My_Project\AIGC\MidJourney\fake\13592447708_Single_person_East_Asian_male_looking_at_the_camera_78f40ad6-2361-4e4e-be75-f7932e116674.png,truetest_df40,translate_+8_-8,translation,0.860988,0.837887,-0.0231,True,112.0,111.0,112.0,111.0,0.0,11.31,True,0.163,0.8386,0.9605
C:\My_Project\AIGC\MidJourney\fake\13592447708_Single_person_East_Asian_male_looking_at_the_camera_78f40ad6-2361-4e4e-be75-f7932e116674.png,truetest_df40,jpeg_q70,jpeg,0.860988,0.849344,-0.011643,True,112.0,111.0,112.0,111.0,0.0,,True,0.0009,0.9731,0.9798
C:\My_Project\AIGC\MidJourney\fake\13592447708_Single_person_East_Asian_male_looking_at_the_camera_78f40ad6-2361-4e4e-be75-f7932e116674.png,truetest_df40,crop90,crop,0.860988,0.733418,-0.12757,True,112.0,111.0,112.0,111.0,0.0,,True,0.0013,0.8945,0.9321
