evidence_feature,family,fake_source,n_fake,n_real,effect_size,auroc,auroc_ci_lower,auroc_ci_upper,direction,corr_with_v811_fake_prob,corr_with_cam_faithfulness,n_matched_cam,resolution_confound_corr_real,resolution_confound_corr_fake,face_size_confound_corr_real,face_size_confound_corr_fake,direction_consistent_across_sources,between_source_resolution_confound_spearman
freq_spectral_entropy,frequency,aiguard_unseen,60,210,-0.22507230769549533,0.4334920634920635,0.3571269841269841,0.5100019841269842,higher-in-real,0.04862461794943041,0.22142857142857136,15,-0.28213236655471485,0.25198144554058777,-0.4251551080498449,0.032120033342595174,False,-0.17205393993098306
freq_spectral_entropy,frequency,stylegan2_ood,60,210,-0.4487505236041123,0.36777777777777776,0.2952261904761905,0.4511984126984127,higher-in-real,0.2402333981661573,,0,-0.28213236655471485,,-0.4251551080498449,0.11503195332036678,False,-0.17205393993098306
freq_spectral_entropy,frequency,df40_dit,44,210,-0.3992922279703179,0.38885281385281384,0.3102083333333333,0.47642586580086577,higher-in-real,-0.09654686398872445,0.03636363636363637,11,-0.28213236655471485,,-0.4251551080498449,-0.12445384073291048,False,-0.17205393993098306
freq_spectral_entropy,frequency,df40_sit,45,210,-0.42863566167707273,0.38751322751322753,0.30517989417989416,0.4741931216931217,higher-in-real,0.22806324110671936,-0.3714285714285715,6,-0.28213236655471485,,-0.4251551080498449,-0.2032938076416337,False,-0.17205393993098306
freq_spectral_entropy,frequency,df40_ddim,45,210,-1.2826493375156574,0.14899470899470899,0.09808730158730158,0.2002142857142857,higher-in-real,0.20553359683794462,-0.21428571428571433,7,-0.28213236655471485,,-0.4251551080498449,-0.09802371541501975,False,-0.17205393993098306
freq_spectral_entropy,frequency,df40_pixart,45,210,-0.2710117490359444,0.4237037037037037,0.3517301587301587,0.49937566137566136,higher-in-real,-0.07285902503293806,-0.16666666666666669,9,-0.28213236655471485,,-0.4251551080498449,-0.041765480895915676,False,-0.17205393993098306
freq_spectral_entropy,frequency,df40_sd21,44,210,-1.381239583868326,0.12272727272727273,0.07759469696969697,0.17501893939393937,higher-in-real,-0.03565891472868217,0.4047619047619048,8,-0.28213236655471485,,-0.4251551080498449,0.024383368569415077,False,-0.17205393993098306
freq_spectral_entropy,frequency,midjourney,45,210,0.9260830870594297,0.771005291005291,0.707595238095238,0.8292486772486771,higher-in-fake,0.4743083003952569,0.09999999999999999,9,-0.28213236655471485,,-0.4251551080498449,-0.3209486166007905,False,-0.17205393993098306
freq_band_ratio_high_mid,frequency,aiguard_unseen,60,210,0.4192000438714228,0.6394444444444445,0.5658571428571428,0.7130972222222223,higher-in-fake,-0.039066407335370944,-0.007142857142857141,15,0.31488731581360047,0.1662005279097494,0.4317656028182344,0.13909419283134208,False,0.44447267815503955
freq_band_ratio_high_mid,frequency,stylegan2_ood,60,210,1.2721878682186785,0.8319841269841269,0.7790476190476191,0.879375,higher-in-fake,-0.2421783828841345,,0,0.31488731581360047,,0.4317656028182344,0.05523756599055294,False,0.44447267815503955
freq_band_ratio_high_mid,frequency,df40_dit,44,210,-0.17400962641567413,0.4746753246753247,0.383495670995671,0.5618154761904762,higher-in-real,0.44933051444679345,-0.18181818181818182,11,0.31488731581360047,,0.4317656028182344,0.3430584918957012,False,0.44447267815503955
freq_band_ratio_high_mid,frequency,df40_sit,45,210,0.1943513399189539,0.5865608465608466,0.4999973544973545,0.668047619047619,higher-in-fake,0.06455862977602107,-0.028571428571428574,6,0.31488731581360047,,0.4317656028182344,-0.04150197628458498,False,0.44447267815503955
freq_band_ratio_high_mid,frequency,df40_ddim,45,210,0.5639784904484827,0.7184126984126984,0.6536375661375662,0.777989417989418,higher-in-fake,-0.09723320158102765,0.5714285714285715,7,0.31488731581360047,,0.4317656028182344,-0.2913043478260869,False,0.44447267815503955
freq_band_ratio_high_mid,frequency,df40_pixart,45,210,0.14478687376657892,0.5755555555555556,0.5008201058201058,0.649952380952381,higher-in-fake,-0.230566534914361,-0.11666666666666665,9,0.31488731581360047,,0.4317656028182344,0.00592885375494071,False,0.44447267815503955
freq_band_ratio_high_mid,frequency,df40_sd21,44,210,0.1237070931637561,0.5240259740259741,0.4232548701298702,0.622448593073593,higher-in-fake,0.2957011980267794,0.4285714285714286,8,0.31488731581360047,,0.4317656028182344,0.11176885130373501,False,0.44447267815503955
freq_band_ratio_high_mid,frequency,midjourney,45,210,0.42307284768008335,0.6550264550264551,0.5841243386243387,0.7236058201058201,higher-in-fake,-0.22872200263504605,-0.21666666666666667,9,0.31488731581360047,,0.4317656028182344,0.1866930171277997,False,0.44447267815503955
freq_band_ratio_high_low,frequency,aiguard_unseen,60,210,0.6290846786574112,0.697063492063492,0.6261646825396825,0.770797619047619,higher-in-fake,-0.28191164212281195,0.4464285714285714,15,0.1353666551266325,0.21445229407709598,0.28977469898522534,-0.2833564879133093,False,-0.10514407440226743
freq_band_ratio_high_low,frequency,stylegan2_ood,60,210,0.7290338603670877,0.7801587301587302,0.7201329365079364,0.8369067460317461,higher-in-fake,-0.22067240900250076,,0,0.1353666551266325,,0.28977469898522534,0.10208391219783275,False,-0.10514407440226743
freq_band_ratio_high_low,frequency,df40_dit,44,210,-0.8054064306388512,0.16948051948051948,0.1155573593073593,0.23400162337662336,higher-in-real,0.20253699788583507,0.28181818181818186,11,0.1353666551266325,,0.28977469898522534,0.3193798449612402,False,-0.10514407440226743
freq_band_ratio_high_low,frequency,df40_sit,45,210,-0.6845551724274292,0.2328042328042328,0.15765079365079365,0.3052037037037037,higher-in-real,-0.3181818181818182,0.08571428571428573,6,0.1353666551266325,,0.28977469898522534,-0.21225296442687747,False,-0.10514407440226743
freq_band_ratio_high_low,frequency,df40_ddim,45,210,-0.09676860482742546,0.5521693121693122,0.47269312169312167,0.628473544973545,higher-in-real,-0.4098814229249011,0.39285714285714296,7,0.1353666551266325,,0.28977469898522534,-0.13188405797101446,False,-0.10514407440226743
freq_band_ratio_high_low,frequency,df40_pixart,45,210,-0.8942471793804789,0.12201058201058201,0.07671957671957672,0.17164021164021165,higher-in-real,-0.3014492753623188,0.3,9,0.1353666551266325,,0.28977469898522534,-0.28629776021080366,False,-0.10514407440226743
freq_band_ratio_high_low,frequency,df40_sd21,44,210,-0.877509336496579,0.14415584415584415,0.09479707792207792,0.20205898268398267,higher-in-real,-0.22466525722339672,0.2142857142857143,8,0.1353666551266325,,0.28977469898522534,-0.03171247357293869,False,-0.10514407440226743
freq_band_ratio_high_low,frequency,midjourney,45,210,0.07092014148692591,0.6189417989417989,0.5445132275132275,0.6946058201058201,higher-in-fake,-0.20685111989459812,0.09999999999999999,9,0.1353666551266325,,0.28977469898522534,0.3374176548089591,False,-0.10514407440226743
freq_band_ratio_mid_low,frequency,aiguard_unseen,60,210,0.5415852782779405,0.6129365079365079,0.5318472222222222,0.6873908730158731,higher-in-fake,-0.27579883300916924,0.6107142857142855,15,-0.15463395548825618,0.23589752348480558,-0.026750880698249123,-0.46801889413726044,False,-0.37756281262632396
freq_band_ratio_mid_low,frequency,stylegan2_ood,60,210,0.02403527645720272,0.5456349206349206,0.47107142857142853,0.6188571428571428,higher-in-fake,-0.1196999166435121,,0,-0.15463395548825618,,-0.026750880698249123,0.050069463739927766,False,-0.37756281262632396
freq_band_ratio_mid_low,frequency,df40_dit,44,210,-1.284938164263115,0.11807359307359307,0.06893398268398268,0.17532738095238096,higher-in-real,-0.13488372093023254,0.36363636363636365,11,-0.15463395548825618,,-0.026750880698249123,0.021705426356589147,False,-0.37756281262632396
freq_band_ratio_mid_low,frequency,df40_sit,45,210,-1.3926799552662885,0.09492063492063492,0.051843915343915345,0.14320634920634917,higher-in-real,-0.5295125164690382,0.3142857142857143,6,-0.15463395548825618,,-0.026750880698249123,-0.25362318840579706,False,-0.37756281262632396
freq_band_ratio_mid_low,frequency,df40_ddim,45,210,-0.5830772345819246,0.32306878306878306,0.24084126984126983,0.40540211640211643,higher-in-real,-0.4204216073781291,0.39285714285714296,7,-0.15463395548825618,,-0.026750880698249123,-0.051383399209486154,False,-0.37756281262632396
freq_band_ratio_mid_low,frequency,df40_pixart,45,210,-1.7701489297372504,0.015026455026455027,0.0035978835978835977,0.03174867724867724,higher-in-real,-0.2089591567852437,0.11666666666666665,9,-0.15463395548825618,,-0.026750880698249123,-0.40869565217391296,False,-0.37756281262632396
freq_band_ratio_mid_low,frequency,df40_sd21,44,210,-1.5076507452628916,0.08333333333333333,0.026298701298701297,0.1530384199134199,higher-in-real,-0.38745595489781537,-0.023809523809523815,8,-0.15463395548825618,,-0.026750880698249123,-0.08921775898520085,False,-0.37756281262632396
freq_band_ratio_mid_low,frequency,midjourney,45,210,-0.18981577903294547,0.4668783068783069,0.384542328042328,0.5488915343915344,higher-in-real,-0.08866930171277997,0.33333333333333337,9,-0.15463395548825618,,-0.026750880698249123,0.2901185770750988,False,-0.37756281262632396
freq_high_energy_frac,frequency,aiguard_unseen,60,210,0.4468679825914262,0.6116666666666667,0.5301805555555557,0.6941349206349207,higher-in-fake,-0.23739927757710483,0.5464285714285714,15,-0.030127039232626895,0.3109558264117892,-0.056233240443766756,-0.2300083356487914,False,-0.043013484982745764
freq_high_energy_frac,frequency,stylegan2_ood,60,210,0.48076727213489784,0.6378571428571429,0.5567440476190476,0.72153373015873,higher-in-fake,0.04345651569880523,,0,-0.030127039232626895,,-0.056233240443766756,0.09230341761600445,False,-0.043013484982745764
freq_high_energy_frac,frequency,df40_dit,44,210,-1.0311318887901015,0.12067099567099566,0.07185064935064935,0.18161796536796534,higher-in-real,0.053981677237491185,0.6727272727272727,11,-0.030127039232626895,,-0.056233240443766756,0.11374207188160676,False,-0.043013484982745764
freq_high_energy_frac,frequency,df40_sit,45,210,-0.9037670620419952,0.18211640211640212,0.11815608465608465,0.2582089947089947,higher-in-real,-0.14321475625823452,0.14285714285714288,6,-0.030127039232626895,,-0.056233240443766756,-0.45322793148880103,False,-0.043013484982745764
freq_high_energy_frac,frequency,df40_ddim,45,210,-0.8567024793851828,0.19714285714285715,0.13777777777777778,0.25545238095238093,higher-in-real,-0.2592885375494071,0.25,7,-0.030127039232626895,,-0.056233240443766756,-0.17075098814229248,False,-0.043013484982745764
freq_high_energy_frac,frequency,df40_pixart,45,210,-1.0140463541128932,0.13015873015873017,0.07947089947089947,0.18520634920634918,higher-in-real,-0.2936758893280632,-0.016666666666666666,9,-0.030127039232626895,,-0.056233240443766756,-0.2595520421607378,False,-0.043013484982745764
freq_high_energy_frac,frequency,df40_sd21,44,210,-1.233899008296173,0.06742424242424243,0.03666666666666667,0.10400703463203463,higher-in-real,-0.19704016913319236,0.28571428571428575,8,-0.030127039232626895,,-0.056233240443766756,-0.061451726568005634,False,-0.043013484982745764
freq_high_energy_frac,frequency,midjourney,45,210,1.0617518769243897,0.82,0.7555396825396825,0.8749285714285714,higher-in-fake,0.31831357048748354,0.2833333333333333,9,-0.030127039232626895,,-0.056233240443766756,-0.0743083003952569,False,-0.043013484982745764
freq_radial_powerlaw_slope,frequency,aiguard_unseen,60,210,0.9150025677990973,0.7537301587301587,0.6888690476190477,0.8182539682539682,higher-in-fake,-0.2265629341483746,0.33928571428571425,15,0.3837092023967484,0.3002332117079344,0.506688048793312,-0.08424562378438456,False,-0.009558552218387948
freq_radial_powerlaw_slope,frequency,stylegan2_ood,60,210,1.7281766259262137,0.900952380952381,0.8618908730158731,0.9355595238095238,higher-in-fake,-0.27741039177549326,,0,0.3837092023967484,,0.506688048793312,-0.04995832175604335,False,-0.009558552218387948
freq_radial_powerlaw_slope,frequency,df40_dit,44,210,-0.6676525732772689,0.3260822510822511,0.2635227272727273,0.3912364718614718,higher-in-real,0.024947145877378434,-0.8000000000000002,11,0.3837092023967484,,0.506688048793312,0.06807610993657505,False,-0.009558552218387948
freq_radial_powerlaw_slope,frequency,df40_sit,45,210,-0.5236580434960234,0.3797883597883598,0.3096084656084656,0.45313227513227516,higher-in-real,-0.15573122529644268,-0.3142857142857143,6,0.3837092023967484,,0.506688048793312,-0.122266139657444,False,-0.009558552218387948
freq_radial_powerlaw_slope,frequency,df40_ddim,45,210,0.6585871464085242,0.7256084656084656,0.6669814814814815,0.781068783068783,higher-in-fake,-0.464558629776021,0.42857142857142866,7,0.3837092023967484,,0.506688048793312,-0.11791831357048746,False,-0.009558552218387948
freq_radial_powerlaw_slope,frequency,df40_pixart,45,210,-1.3991125107449927,0.08391534391534392,0.053224867724867723,0.11905026455026455,higher-in-real,0.12938076416337285,-0.2333333333333333,9,0.3837092023967484,,0.506688048793312,0.2096179183135705,False,-0.009558552218387948
freq_radial_powerlaw_slope,frequency,df40_sd21,44,210,-0.730444632041391,0.2946969696969697,0.22322781385281384,0.36645292207792207,higher-in-real,0.12346723044397463,0.4285714285714286,8,0.3837092023967484,,0.506688048793312,0.1596899224806201,False,-0.009558552218387948
freq_radial_powerlaw_slope,frequency,midjourney,45,210,1.0401275618373804,0.8022222222222222,0.74855291005291,0.8503809523809523,higher-in-fake,-0.19749670619235835,0.16666666666666669,9,0.3837092023967484,,0.506688048793312,0.5847167325428194,False,-0.009558552218387948
freq_powerlaw_residual_std,frequency,aiguard_unseen,60,210,-0.8311366855938588,0.2742857142857143,0.21189880952380952,0.33980158730158727,higher-in-real,-0.04201166990830787,-0.175,15,-0.4565386012720541,-0.2895105970040796,-0.5040314948209685,-0.1896637954987497,False,-0.2628601860056686
freq_powerlaw_residual_std,frequency,stylegan2_ood,60,210,-1.896665931164981,0.05992063492063492,0.0345,0.08960714285714286,higher-in-real,0.20439010836343433,,0,-0.4565386012720541,,-0.5040314948209685,0.09774937482634068,False,-0.2628601860056686
freq_powerlaw_residual_std,frequency,df40_dit,44,210,-0.051066983807029405,0.4816017316017316,0.3946672077922078,0.5603977272727273,higher-in-real,0.19337561663143057,0.6272727272727273,11,-0.4565386012720541,,-0.5040314948209685,0.15940803382663846,False,-0.2628601860056686
freq_powerlaw_residual_std,frequency,df40_sit,45,210,-0.048789700504021094,0.48338624338624336,0.39839417989417986,0.5659444444444445,higher-in-real,-0.2077733860342556,0.6,6,-0.4565386012720541,,-0.5040314948209685,-0.21198945981554673,False,-0.2628601860056686
freq_powerlaw_residual_std,frequency,df40_ddim,45,210,-0.8951547606937452,0.24772486772486774,0.19258730158730158,0.30308730158730157,higher-in-real,0.20922266139657444,-0.6071428571428572,7,-0.4565386012720541,,-0.5040314948209685,0.0603425559947299,False,-0.2628601860056686
freq_powerlaw_residual_std,frequency,df40_pixart,45,210,0.9102139709041475,0.7337566137566137,0.6586137566137567,0.799058201058201,higher-in-fake,-0.3524374176548089,0.016666666666666666,9,-0.4565386012720541,,-0.5040314948209685,-0.22621870882740447,False,-0.2628601860056686
freq_powerlaw_residual_std,frequency,df40_sd21,44,210,-0.03443269187996276,0.48474025974025975,0.39531655844155844,0.5766450216450216,higher-in-real,-0.15673009161381252,-0.2380952380952381,8,-0.4565386012720541,,-0.5040314948209685,-0.11402396053558844,False,-0.2628601860056686
freq_powerlaw_residual_std,frequency,midjourney,45,210,-1.2919222223047813,0.16201058201058202,0.11702116402116403,0.21208994708994708,higher-in-real,0.2168642951251647,0.16666666666666669,9,-0.4565386012720541,,-0.5040314948209685,-0.6263504611330697,False,-0.2628601860056686
freq_logmag_mean,frequency,aiguard_unseen,60,210,0.7376710288351764,0.7226190476190476,0.6521051587301587,0.791436507936508,higher-in-fake,-0.23323145318143937,0.7,15,0.15377145158263558,0.3109558264117892,0.3162929176087071,-0.3500416782439567,False,-0.062130589419521653
freq_logmag_mean,frequency,stylegan2_ood,60,210,1.1771315060398622,0.8238888888888889,0.7706269841269842,0.8731051587301588,higher-in-fake,0.03539872186718534,,0,0.15377145158263558,,0.3162929176087071,-0.14609613781606004,False,-0.062130589419521653
freq_logmag_mean,frequency,df40_dit,44,210,-2.677256602634254,0.02619047619047619,0.010497835497835497,0.04772997835497835,higher-in-real,-0.2138125440451022,0.5272727272727273,11,0.15377145158263558,,0.3162929176087071,-0.035236081747709654,False,-0.062130589419521653
freq_logmag_mean,frequency,df40_sit,45,210,-2.430871194660718,0.04835978835978836,0.017457671957671957,0.0909126984126984,higher-in-real,-0.5578392621870882,0.48571428571428577,6,0.15377145158263558,,0.3162929176087071,-0.28353096179183135,False,-0.062130589419521653
freq_logmag_mean,frequency,df40_ddim,45,210,-0.2523616659026995,0.4402116402116402,0.3582936507936508,0.5258518518518519,higher-in-real,-0.44743083003952566,0.5714285714285715,7,0.15377145158263558,,0.3162929176087071,-0.11633728590250329,False,-0.062130589419521653
freq_logmag_mean,frequency,df40_pixart,45,210,-3.519977749874331,0.0025396825396825397,0.0,0.0069894179894179845,higher-in-real,-0.5052700922266139,0.5666666666666667,9,0.15377145158263558,,0.3162929176087071,-0.18471673254281945,False,-0.062130589419521653
freq_logmag_mean,frequency,df40_sd21,44,210,-2.87664672447464,0.022294372294372294,0.008327922077922078,0.043406385281385275,higher-in-real,-0.30331219168428464,0.523809523809524,8,0.15377145158263558,,0.3162929176087071,-0.017477096546863986,False,-0.062130589419521653
freq_logmag_mean,frequency,midjourney,45,210,0.9816784743702022,0.8052910052910053,0.7514920634920634,0.8538650793650794,higher-in-fake,0.09644268774703557,0.16666666666666669,9,0.15377145158263558,,0.3162929176087071,-0.13069828722002635,False,-0.062130589419521653
tex_local_variance_mean,texture,aiguard_unseen,60,210,0.141441623432063,0.47515873015873017,0.3926031746031746,0.5655634920634921,higher-in-fake,-0.09502639622117257,0.6749999999999999,15,-0.14902128370273426,0.3109558264117892,-0.34161102055838904,-0.4055570991942207,False,-0.23896380545969867
tex_local_variance_mean,texture,stylegan2_ood,60,210,-0.2011820085382845,0.4633333333333333,0.38817261904761907,0.5407559523809523,higher-in-real,0.26079466518477357,,0,-0.14902128370273426,,-0.34161102055838904,-0.17899416504584612,False,-0.23896380545969867
tex_local_variance_mean,texture,df40_dit,44,210,-1.5326246745864738,0.07705627705627706,0.03168831168831169,0.13777867965367965,higher-in-real,-0.14799154334038056,0.8272727272727273,11,-0.14902128370273426,,-0.34161102055838904,-0.04425651867512333,False,-0.23896380545969867
tex_local_variance_mean,texture,df40_sit,45,210,-1.5081158804038959,0.08423280423280423,0.032902116402116405,0.14456349206349203,higher-in-real,-0.3425559947299077,0.5428571428571429,6,-0.14902128370273426,,-0.34161102055838904,-0.11027667984189722,False,-0.23896380545969867
tex_local_variance_mean,texture,df40_ddim,45,210,-1.1978332819729418,0.14126984126984127,0.09416666666666668,0.19746296296296295,higher-in-real,-0.37246376811594195,0.42857142857142866,7,-0.14902128370273426,,-0.34161102055838904,-0.07220026350461133,False,-0.23896380545969867
tex_local_variance_mean,texture,df40_pixart,45,210,-1.558815527775777,0.04687830687830688,0.022007936507936508,0.07482010582010581,higher-in-real,-0.3669301712779973,0.5333333333333333,9,-0.14902128370273426,,-0.34161102055838904,-0.09552042160737811,False,-0.23896380545969867
tex_local_variance_mean,texture,df40_sd21,44,210,-1.4534492459916992,0.09307359307359307,0.048484848484848485,0.14654761904761904,higher-in-real,-0.26398872445384075,0.04761904761904763,8,-0.14902128370273426,,-0.34161102055838904,-0.17505285412262153,False,-0.23896380545969867
tex_local_variance_mean,texture,midjourney,45,210,0.09762271498221649,0.5626455026455026,0.4830634920634921,0.6369523809523809,higher-in-fake,0.24321475625823447,0.26666666666666666,9,-0.14902128370273426,,-0.34161102055838904,-0.4364953886693017,False,-0.23896380545969867
tex_local_variance_std,texture,aiguard_unseen,60,210,-0.20351213471961033,0.4282539682539683,0.350234126984127,0.5101666666666667,higher-in-real,-0.004278966379549876,0.5821428571428571,15,-0.148929714201435,0.2895105970040796,-0.4502024291497976,-0.38638510697415956,True,-0.23896380545969867
tex_local_variance_std,texture,stylegan2_ood,60,210,-0.525781734552241,0.37015873015873013,0.30134722222222227,0.44287301587301586,higher-in-real,0.26929702695193114,,0,-0.148929714201435,,-0.4502024291497976,-0.11219783273131426,True,-0.23896380545969867
tex_local_variance_std,texture,df40_dit,44,210,-1.2779540637863454,0.10335497835497835,0.04770021645021645,0.17695887445887443,higher-in-real,-0.053417899929527835,0.7727272727272727,11,-0.148929714201435,,-0.4502024291497976,0.052008456659619444,True,-0.23896380545969867
tex_local_variance_std,texture,df40_sit,45,210,-1.2224810610544516,0.12465608465608466,0.05862169312169312,0.1984232804232804,higher-in-real,-0.51699604743083,0.5428571428571429,6,-0.148929714201435,,-0.4502024291497976,-0.08972332015810276,True,-0.23896380545969867
tex_local_variance_std,texture,df40_ddim,45,210,-1.3066609853317832,0.09333333333333334,0.058198412698412694,0.1363121693121693,higher-in-real,-0.2025032938076416,0.4642857142857144,7,-0.148929714201435,,-0.4502024291497976,-0.0957839262187088,True,-0.23896380545969867
tex_local_variance_std,texture,df40_pixart,45,210,-1.3889580070582288,0.07555555555555556,0.03711375661375662,0.11715079365079364,higher-in-real,-0.36877470355731223,0.5499999999999999,9,-0.148929714201435,,-0.4502024291497976,-0.13017127799736494,True,-0.23896380545969867
tex_local_variance_std,texture,df40_sd21,44,210,-1.2494734347492638,0.12456709956709956,0.07261093073593074,0.1911363636363636,higher-in-real,-0.2634249471458774,0.04761904761904763,8,-0.148929714201435,,-0.4502024291497976,-0.2295983086680761,True,-0.23896380545969867
tex_local_variance_std,texture,midjourney,45,210,-0.09023454423119961,0.5137566137566137,0.43955820105820104,0.5863068783068782,higher-in-real,0.32687747035573117,0.38333333333333336,9,-0.148929714201435,,-0.4502024291497976,-0.5077733860342556,True,-0.23896380545969867
tex_lbp_entropy,texture,aiguard_unseen,60,210,0.7840549729947127,0.7477777777777778,0.6760277777777778,0.8164345238095237,higher-in-fake,-0.34848569046957495,0.15357142857142855,15,0.3074641264619475,0.3109558264117892,0.5359403754140597,-0.3694915254237289,False,-0.35366643208035403
tex_lbp_entropy,texture,stylegan2_ood,60,210,1.0352826061628368,0.7953174603174603,0.7366646825396825,0.8501646825396825,higher-in-fake,-0.10236176715754378,,0,0.3074641264619475,,0.5359403754140597,-0.17126979716587942,False,-0.35366643208035403
tex_lbp_entropy,texture,df40_dit,44,210,-1.8217571505279158,0.06601731601731602,0.0385254329004329,0.0968668831168831,higher-in-real,-0.1919661733615222,0.26363636363636367,11,0.3074641264619475,,0.5359403754140597,0.19027484143763213,False,-0.35366643208035403
tex_lbp_entropy,texture,df40_sit,45,210,-1.6690210248564765,0.09026455026455027,0.05745767195767196,0.1253994708994709,higher-in-real,-0.3486166007905138,0.08571428571428573,6,0.3074641264619475,,0.5359403754140597,-0.458893280632411,False,-0.35366643208035403
tex_lbp_entropy,texture,df40_ddim,45,210,-0.08773002714908966,0.4723809523809524,0.39184920634920634,0.558521164021164,higher-in-real,-0.25942028985507243,0.5714285714285715,7,0.3074641264619475,,0.5359403754140597,-0.22173913043478258,False,-0.35366643208035403
tex_lbp_entropy,texture,df40_pixart,45,210,-4.054005516229516,0.0022222222222222222,0.0,0.006986772486772485,higher-in-real,-0.19380764163372857,0.33333333333333337,9,0.3074641264619475,,0.5359403754140597,-0.10276679841897231,False,-0.35366643208035403
tex_lbp_entropy,texture,df40_sd21,44,210,-1.6160076726195616,0.1906926406926407,0.11577651515151516,0.2710416666666666,higher-in-real,0.015221987315010569,0.7619047619047621,8,0.3074641264619475,,0.5359403754140597,-0.23636363636363636,False,-0.35366643208035403
tex_lbp_entropy,texture,midjourney,45,210,-0.7030763723131103,0.2875132275132275,0.2151269841269841,0.369010582010582,higher-in-real,-0.02555994729907773,0.25,9,0.3074641264619475,,0.5359403754140597,0.5795783926218708,False,-0.35366643208035403
tex_lbp_uniformity,texture,aiguard_unseen,60,210,-0.7132539471940208,0.2588095238095238,0.19093849206349206,0.3307956349206349,higher-in-real,0.3085301472631287,-0.06428571428571428,15,-0.2822286491921105,-0.3109558264117892,-0.4996477207003523,0.34437343706585166,False,0.39190064095390587
tex_lbp_uniformity,texture,stylegan2_ood,60,210,-0.9063783247764388,0.21888888888888888,0.15895833333333334,0.2833353174603174,higher-in-real,0.11486524034454017,,0,-0.2822286491921105,,-0.4996477207003523,0.19916643512086693,False,0.39190064095390587
tex_lbp_uniformity,texture,df40_dit,44,210,1.3777318833308112,0.8856060606060606,0.8435064935064935,0.9238095238095239,higher-in-fake,0.13009161381254405,-0.3727272727272728,11,-0.2822286491921105,,-0.4996477207003523,-0.2493305144467935,False,0.39190064095390587
tex_lbp_uniformity,texture,df40_sit,45,210,1.254135907272319,0.8641269841269841,0.8217804232804232,0.9055238095238095,higher-in-fake,0.3516469038208168,0.3142857142857143,6,-0.2822286491921105,,-0.4996477207003523,0.40316205533596833,False,0.39190064095390587
tex_lbp_uniformity,texture,df40_ddim,45,210,0.08644995255844665,0.54994708994709,0.46316137566137566,0.6304920634920635,higher-in-fake,0.20724637681159416,-0.5714285714285715,7,-0.2822286491921105,,-0.4996477207003523,0.18498023715415018,False,0.39190064095390587
tex_lbp_uniformity,texture,df40_pixart,45,210,3.296458383971835,0.9876190476190476,0.9730132275132275,0.9993650793650793,higher-in-fake,0.1281949934123847,-0.43333333333333335,9,-0.2822286491921105,,-0.4996477207003523,0.06442687747035572,False,0.39190064095390587
tex_lbp_uniformity,texture,df40_sd21,44,210,1.4481974201497818,0.8012987012987013,0.7230384199134199,0.8762040043290044,higher-in-fake,-0.05243128964059196,-0.7619047619047621,8,-0.2822286491921105,,-0.4996477207003523,0.3002114164904862,False,0.39190064095390587
tex_lbp_uniformity,texture,midjourney,45,210,0.8592229384692271,0.7517460317460317,0.6711058201058201,0.8212724867724868,higher-in-fake,0.043741765480895915,-0.26666666666666666,9,-0.2822286491921105,,-0.4996477207003523,-0.5880105401844532,False,0.39190064095390587
tex_glcm_contrast,texture,aiguard_unseen,60,210,0.08538835417519727,0.4595238095238095,0.3776884920634921,0.5499325396825396,higher-in-fake,-0.09463739927757713,0.6535714285714285,15,-0.16727189327787303,0.3055945190598618,-0.3696237972553762,-0.4060016671297584,False,-0.23896380545969867
tex_glcm_contrast,texture,stylegan2_ood,60,210,-0.27839746930917336,0.44055555555555553,0.36458531746031747,0.5161309523809523,higher-in-real,0.2845234787440956,,0,-0.16727189327787303,,-0.3696237972553762,-0.1693248124479022,False,-0.23896380545969867
tex_glcm_contrast,texture,df40_dit,44,210,-1.5162548920745313,0.08127705627705628,0.03289231601731602,0.14311147186147183,higher-in-real,-0.14094432699083861,0.7636363636363637,11,-0.16727189327787303,,-0.3696237972553762,-0.052149400986610285,False,-0.23896380545969867
tex_glcm_contrast,texture,df40_sit,45,210,-1.4964010249747983,0.08708994708994709,0.034383597883597884,0.14825661375661375,higher-in-real,-0.3413702239789196,0.5428571428571429,6,-0.16727189327787303,,-0.3696237972553762,-0.11357048748353095,False,-0.23896380545969867
tex_glcm_contrast,texture,df40_ddim,45,210,-1.218010447560755,0.13555555555555557,0.08940211640211641,0.18858201058201057,higher-in-real,-0.35968379446640314,0.42857142857142866,7,-0.16727189327787303,,-0.3696237972553762,-0.0606060606060606,False,-0.23896380545969867
tex_glcm_contrast,texture,df40_pixart,45,210,-1.5413214403521591,0.05005291005291005,0.024547619047619047,0.07947619047619046,higher-in-real,-0.37602108036890636,0.5333333333333333,9,-0.16727189327787303,,-0.3696237972553762,-0.08840579710144926,False,-0.23896380545969867
tex_glcm_contrast,texture,df40_sd21,44,210,-1.4438647181140816,0.09653679653679653,0.05227272727272727,0.14960497835497832,higher-in-real,-0.262861169837914,0.04761904761904763,8,-0.16727189327787303,,-0.3696237972553762,-0.1788583509513742,False,-0.23896380545969867
tex_glcm_contrast,texture,midjourney,45,210,0.07930164483060903,0.5535449735449736,0.4723624338624339,0.6292275132275132,higher-in-fake,0.2478260869565217,0.33333333333333337,9,-0.16727189327787303,,-0.3696237972553762,-0.4350461133069828,False,-0.23896380545969867
tex_glcm_homogeneity,texture,aiguard_unseen,60,210,-0.3673818848554221,0.4224603174603175,0.33426190476190476,0.5083353174603175,higher-in-real,0.257126979716588,-0.4428571428571427,15,-0.025312234057690817,-0.2787879823002248,-0.23801987486198015,0.2608502361767158,False,-0.062130589419521653
tex_glcm_homogeneity,texture,stylegan2_ood,60,210,-0.639924613010029,0.3376190476190476,0.26436507936507936,0.42008730158730156,higher-in-real,-0.16782439566546267,,0,-0.025312234057690817,,-0.23801987486198015,-0.04384551264240068,False,-0.062130589419521653
tex_glcm_homogeneity,texture,df40_dit,44,210,1.7758654325957246,0.8980519480519481,0.8443452380952381,0.9469751082251082,higher-in-fake,0.10711768851303734,-0.3727272727272728,11,-0.025312234057690817,,-0.23801987486198015,-0.037209302325581395,False,-0.062130589419521653
tex_glcm_homogeneity,texture,df40_sit,45,210,1.886620738740877,0.9286772486772487,0.8964021164021164,0.9582116402116402,higher-in-fake,-0.08708827404479579,-0.6,6,-0.025312234057690817,,-0.23801987486198015,0.15085638998682477,False,-0.062130589419521653
tex_glcm_homogeneity,texture,df40_ddim,45,210,0.12034761341657561,0.5255026455026455,0.43586507936507934,0.6161931216931217,higher-in-fake,0.41739130434782606,-0.5714285714285715,7,-0.025312234057690817,,-0.23801987486198015,0.055335968379446626,False,-0.062130589419521653
tex_glcm_homogeneity,texture,df40_pixart,45,210,1.9843234372042167,0.9464550264550264,0.9173465608465609,0.9700529100529101,higher-in-fake,0.11778656126482213,-0.75,9,-0.025312234057690817,,-0.23801987486198015,-0.4679841897233201,False,-0.062130589419521653
tex_glcm_homogeneity,texture,df40_sd21,44,210,1.6324942869126633,0.8820346320346321,0.8271320346320347,0.9290205627705628,higher-in-fake,0.24002818886539815,-0.09523809523809526,8,-0.025312234057690817,,-0.23801987486198015,-0.29682875264270614,False,-0.062130589419521653
tex_glcm_homogeneity,texture,midjourney,45,210,-0.48749480890677765,0.351005291005291,0.2696269841269841,0.43206613756613754,higher-in-real,0.002635046113306983,0.11666666666666665,9,-0.025312234057690817,,-0.23801987486198015,0.24650856389986822,False,-0.062130589419521653
tex_glcm_energy,texture,aiguard_unseen,60,210,-0.42271515729905795,0.35325396825396826,0.26863888888888887,0.4280178571428571,higher-in-real,0.2601278132814671,-0.34642857142857136,15,-0.18086794430534953,-0.16083922055782202,-0.3878963142121037,0.26301750486246184,False,-0.014337828327581924
tex_glcm_energy,texture,stylegan2_ood,60,210,-0.5901070110095659,0.30317460317460315,0.2290198412698413,0.38785714285714284,higher-in-real,-0.15948874687413173,,0,-0.18086794430534953,,-0.3878963142121037,-0.11547652125590442,False,-0.014337828327581924
tex_glcm_energy,texture,df40_dit,44,210,0.7762444111112664,0.7363636363636363,0.6595211038961039,0.8103896103896104,higher-in-fake,0.1682875264270613,-0.21818181818181823,11,-0.18086794430534953,,-0.3878963142121037,-0.16913319238900634,False,-0.014337828327581924
tex_glcm_energy,texture,df40_sit,45,210,0.7096282118728009,0.728042328042328,0.6585925925925926,0.796515873015873,higher-in-fake,-0.14150197628458497,-0.2571428571428572,6,-0.18086794430534953,,-0.3878963142121037,0.283399209486166,False,-0.014337828327581924
tex_glcm_energy,texture,df40_ddim,45,210,-0.5673168113571124,0.33534391534391533,0.262521164021164,0.4141825396825397,higher-in-real,0.21673254281949936,-0.7500000000000002,7,-0.18086794430534953,,-0.3878963142121037,0.09538866930171275,False,-0.014337828327581924
tex_glcm_energy,texture,df40_pixart,45,210,1.4444249362635737,0.8377777777777777,0.7751269841269841,0.8906878306878306,higher-in-fake,0.11818181818181817,-0.4666666666666666,9,-0.18086794430534953,,-0.3878963142121037,-0.478129117259552,False,-0.014337828327581924
tex_glcm_energy,texture,df40_sd21,44,210,0.45295470168813873,0.6349567099567099,0.5577895021645022,0.7147510822510823,higher-in-fake,0.16053558844256516,0.07142857142857144,8,-0.18086794430534953,,-0.3878963142121037,-0.4195912614517266,False,-0.014337828327581924
tex_glcm_energy,texture,midjourney,45,210,-0.6044857177813537,0.3094179894179894,0.23447619047619048,0.3887830687830688,higher-in-real,0.1820816864295125,0.33333333333333337,9,-0.18086794430534953,,-0.3878963142121037,0.12555994729907774,False,-0.014337828327581924
tex_highpass_energy,texture,aiguard_unseen,60,210,0.40847149991870385,0.5592857142857143,0.47721626984126986,0.6496865079365078,higher-in-fake,-0.2910808557932759,0.6,15,-0.09258955861156974,0.3109558264117892,-0.0952323991797676,-0.4691303139761045,False,-0.10514407440226743
tex_highpass_energy,texture,stylegan2_ood,60,210,0.27194835637947073,0.584920634920635,0.5052281746031746,0.6649265873015873,higher-in-fake,0.16343428730202836,,0,-0.09258955861156974,,-0.0952323991797676,-0.15843289802722982,False,-0.10514407440226743
tex_highpass_energy,texture,df40_dit,44,210,-2.1823313079458706,0.038852813852813854,0.015584415584415584,0.06861471861471861,higher-in-real,-0.2241014799154334,0.6454545454545455,11,-0.09258955861156974,,-0.0952323991797676,-0.07935165609584215,False,-0.10514407440226743
tex_highpass_energy,texture,df40_sit,45,210,-2.2359967760948707,0.0380952380952381,0.011005291005291006,0.0745,higher-in-real,-0.31146245059288535,0.6571428571428573,6,-0.09258955861156974,,-0.0952323991797676,-0.20368906455862978,False,-0.10514407440226743
tex_highpass_energy,texture,df40_ddim,45,210,-1.0083834623642172,0.22835978835978835,0.1622195767195767,0.3021534391534391,higher-in-real,-0.4591567852437417,0.5,7,-0.09258955861156974,,-0.0952323991797676,-0.057444005270092226,False,-0.10514407440226743
tex_highpass_energy,texture,df40_pixart,45,210,-2.422527120075523,0.00962962962962963,0.0019047619047619048,0.01926190476190476,higher-in-real,-0.37891963109354404,0.45,9,-0.09258955861156974,,-0.0952323991797676,-0.06310935441370223,False,-0.10514407440226743
tex_highpass_energy,texture,df40_sd21,44,210,-2.124408676421561,0.046103896103896105,0.02023809523809524,0.08031114718614718,higher-in-real,-0.3102184637068358,0.023809523809523815,8,-0.09258955861156974,,-0.0952323991797676,-0.09048625792811839,False,-0.10514407440226743
tex_highpass_energy,texture,midjourney,45,210,0.13708357273463587,0.5593650793650794,0.48008730158730156,0.6408544973544974,higher-in-fake,0.21251646903820817,0.2833333333333333,9,-0.09258955861156974,,-0.0952323991797676,-0.3051383399209486,False,-0.10514407440226743
tex_autocorr_peak_sharpness,texture,aiguard_unseen,60,210,0.459114807325149,0.6231746031746032,0.5448035714285714,0.6982599206349206,higher-in-fake,-0.0988607946651848,0.017857142857142853,15,0.2518147819627667,0.2787879823002248,0.445139071454861,-0.2554598499583218,True,0.6308644464136046
tex_autocorr_peak_sharpness,texture,stylegan2_ood,60,210,0.730018977490948,0.72,0.6495892857142858,0.7936646825396825,higher-in-fake,-0.055904417893859415,,0,0.2518147819627667,,0.445139071454861,-0.020283412058905256,True,0.6308644464136046
tex_autocorr_peak_sharpness,texture,df40_dit,44,210,0.36854217233835707,0.3647186147186147,0.2596266233766234,0.4715746753246753,higher-in-fake,0.13784355179704016,-0.3272727272727273,11,0.2518147819627667,,0.445139071454861,-0.20831571529245949,True,0.6308644464136046
tex_autocorr_peak_sharpness,texture,df40_sit,45,210,0.41370363950136946,0.5031746031746032,0.4036719576719577,0.6086190476190475,higher-in-fake,0.04716732542819499,0.6,6,0.2518147819627667,,0.445139071454861,0.19710144927536227,True,0.6308644464136046
tex_autocorr_peak_sharpness,texture,df40_ddim,45,210,0.5418474047481857,0.6708994708994709,0.6013571428571428,0.7433862433862434,higher-in-fake,0.2913043478260869,0.14285714285714288,7,0.2518147819627667,,0.445139071454861,-0.11673254281949934,True,0.6308644464136046
tex_autocorr_peak_sharpness,texture,df40_pixart,45,210,0.7497633937388843,0.5878306878306878,0.4760820105820106,0.6954603174603174,higher-in-fake,0.21673254281949936,-0.16666666666666669,9,0.2518147819627667,,0.445139071454861,0.20724637681159416,True,0.6308644464136046
tex_autocorr_peak_sharpness,texture,df40_sd21,44,210,0.7728978844495556,0.5581168831168831,0.4455384199134199,0.6685064935064935,higher-in-fake,-0.02903453136011275,-0.14285714285714288,8,0.2518147819627667,,0.445139071454861,0.21818181818181817,True,0.6308644464136046
tex_autocorr_peak_sharpness,texture,midjourney,45,210,0.8766905793863562,0.7048677248677249,0.6188888888888888,0.7832195767195766,higher-in-fake,0.04268774703557312,-0.5166666666666667,9,0.2518147819627667,,0.445139071454861,-0.3913043478260869,True,0.6308644464136046
lm_symmetry_score,landmark_geometry,aiguard_unseen,60,209,0.2852203847466669,0.5684210526315789,0.4813098086124402,0.6592523923444976,higher-in-fake,-0.053514865240344545,-0.23571428571428568,15,-0.12748000080658609,0.20909098672516857,-0.19385877280614122,0.15693248124479026,False,-0.7599049013618417
lm_symmetry_score,landmark_geometry,stylegan2_ood,60,209,-0.009527050990079639,0.49003189792663476,0.4081200159489633,0.5724122807017544,higher-in-real,-0.01806057238121701,,0,-0.12748000080658609,,-0.19385877280614122,0.40533481522645187,False,-0.7599049013618417
lm_symmetry_score,landmark_geometry,df40_dit,44,209,0.19304953275959444,0.544367116137451,0.4501739886907351,0.6370215311004785,higher-in-fake,0.3154334038054968,0.16363636363636366,11,-0.12748000080658609,,-0.19385877280614122,0.16476391825229036,False,-0.7599049013618417
lm_symmetry_score,landmark_geometry,df40_sit,45,209,0.29611999445442766,0.5818181818181818,0.4825730994152047,0.6754199893673577,higher-in-fake,-0.0028985507246376808,-0.2571428571428572,6,-0.12748000080658609,,-0.19385877280614122,0.2978919631093544,False,-0.7599049013618417
lm_symmetry_score,landmark_geometry,df40_ddim,45,209,0.07074429290303544,0.4930356193514088,0.39382775119617225,0.5976182881446038,higher-in-fake,0.022002635046113304,0.21428571428571433,7,-0.12748000080658609,,-0.19385877280614122,0.2878787878787879,False,-0.7599049013618417
lm_symmetry_score,landmark_geometry,df40_pixart,45,209,-0.7538943506932897,0.2860180754917597,0.20976608187134502,0.36087187666135034,higher-in-real,0.042292490118577074,0.43333333333333335,9,-0.12748000080658609,,-0.19385877280614122,0.09525691699604742,False,-0.7599049013618417
lm_symmetry_score,landmark_geometry,df40_sd21,44,209,-0.6201998912285863,0.30208786428882123,0.22552740321879078,0.39084656372335796,higher-in-real,-0.04129668780831571,-0.1666666666666667,8,-0.12748000080658609,,-0.19385877280614122,0.12473572938689216,False,-0.7599049013618417
lm_symmetry_score,landmark_geometry,midjourney,45,209,-1.2374258513124918,0.10919723551302499,0.06219829877724614,0.1620494417862839,higher-in-real,-0.14598155467720683,0.2333333333333333,9,-0.12748000080658609,,-0.19385877280614122,-0.008695652173913042,False,-0.7599049013618417
lm_interocular_over_facewidth,landmark_geometry,aiguard_unseen,60,209,-0.5525929380893351,0.3543062200956938,0.27184808612440187,0.4409110845295056,higher-in-real,-0.1549319255348708,0.028571428571428564,15,-0.028126924626931053,-0.134032683798185,0.07786949892213049,-0.16282300639066408,False,0.559175304775695
lm_interocular_over_facewidth,landmark_geometry,stylegan2_ood,60,209,-0.13375853040538002,0.45901116427432215,0.3829884370015949,0.5366048644338117,higher-in-real,0.05340372325646014,,0,-0.028126924626931053,,0.07786949892213049,-0.7078632953598224,False,0.559175304775695
lm_interocular_over_facewidth,landmark_geometry,df40_dit,44,209,-0.2465304670919328,0.438560243584167,0.34514734667246627,0.5266528925619834,higher-in-real,-0.08132487667371388,0.21818181818181823,11,-0.028126924626931053,,0.07786949892213049,-0.3276955602536998,False,0.559175304775695
lm_interocular_over_facewidth,landmark_geometry,df40_sit,45,209,-0.1428109112854931,0.49005847953216375,0.38467836257309945,0.5846650717703349,higher-in-real,0.012252964426877469,0.6,6,-0.028126924626931053,,0.07786949892213049,-0.19433465085638996,False,0.559175304775695
lm_interocular_over_facewidth,landmark_geometry,df40_ddim,45,209,-0.14274574593137307,0.4715576820839979,0.3743407761828815,0.5620520999468368,higher-in-real,0.05375494071146245,0.3571428571428572,7,-0.028126924626931053,,0.07786949892213049,-0.47417654808959153,False,0.559175304775695
lm_interocular_over_facewidth,landmark_geometry,df40_pixart,45,209,0.5133159342727749,0.6377458798511431,0.5543753322700691,0.7169696969696969,higher-in-fake,0.06930171277997364,-0.21666666666666667,9,-0.028126924626931053,,0.07786949892213049,0.08405797101449275,False,0.559175304775695
lm_interocular_over_facewidth,landmark_geometry,df40_sd21,44,209,0.4348188217870857,0.6251631143975641,0.5367469551979122,0.7089277946933449,higher-in-fake,0.08992248062015504,0.28571428571428575,8,-0.028126924626931053,,0.07786949892213049,-0.08104298801973221,False,0.559175304775695
lm_interocular_over_facewidth,landmark_geometry,midjourney,45,209,0.6621317649916939,0.7053694843168528,0.6345560871876661,0.7691892610313662,higher-in-fake,-0.03241106719367589,0.2833333333333333,9,-0.028126924626931053,,0.07786949892213049,0.30382081686429513,False,0.559175304775695
lm_mouthwidth_over_interocular,landmark_geometry,aiguard_unseen,60,209,0.1904231263484889,0.5688197767145136,0.4893062200956938,0.6465111642743222,higher-in-fake,-0.005168102250625175,-0.3142857142857143,15,-0.037477529255043156,0.1501166058539672,0.18048136074451862,-0.13503751041956102,False,-0.29153584266083243
lm_mouthwidth_over_interocular,landmark_geometry,stylegan2_ood,60,209,0.24045233968380844,0.5790271132376396,0.49842703349282297,0.6582216905901116,higher-in-fake,0.14948596832453462,,0,-0.037477529255043156,,0.18048136074451862,0.2672409002500695,False,-0.29153584266083243
lm_mouthwidth_over_interocular,landmark_geometry,df40_dit,44,209,-0.9719542784000552,0.22379295345802522,0.17137614180078295,0.2823129621574597,higher-in-real,0.14545454545454545,0.15454545454545454,11,-0.037477529255043156,,0.18048136074451862,0.3547568710359408,False,-0.29153584266083243
lm_mouthwidth_over_interocular,landmark_geometry,df40_sit,45,209,-0.8110255598285095,0.2686868686868687,0.20286018075491757,0.331967038809144,higher-in-real,-0.28998682476943344,0.2571428571428572,6,-0.037477529255043156,,0.18048136074451862,0.05098814229249011,False,-0.29153584266083243
lm_mouthwidth_over_interocular,landmark_geometry,df40_ddim,45,209,-0.08827513751715715,0.4712387028176502,0.38702551834130783,0.558341307814992,higher-in-real,0.05072463768115942,0.25,7,-0.037477529255043156,,0.18048136074451862,0.47971014492753616,False,-0.29153584266083243
lm_mouthwidth_over_interocular,landmark_geometry,df40_pixart,45,209,-0.2824410622611417,0.4256246677299309,0.3469112174375332,0.5044152046783625,higher-in-real,0.03992094861660079,0.06666666666666667,9,-0.037477529255043156,,0.18048136074451862,-0.07351778656126481,False,-0.29153584266083243
lm_mouthwidth_over_interocular,landmark_geometry,df40_sd21,44,209,-1.1118529520616518,0.1951935624184428,0.14102870813397128,0.25252283601565895,higher-in-real,-0.2559548978153629,-0.2380952380952381,8,-0.037477529255043156,,0.18048136074451862,0.17984496124031008,False,-0.29153584266083243
lm_mouthwidth_over_interocular,landmark_geometry,midjourney,45,209,-0.7351360059245421,0.2910154173312068,0.22599946836788942,0.36470760233918126,higher-in-real,0.011989459815546772,0.0,9,-0.037477529255043156,,0.18048136074451862,-0.2496706192358366,False,-0.29153584266083243
lm_pose_yaw_proxy,landmark_geometry,aiguard_unseen,60,209,0.2655675362970655,0.5718500797448166,0.48252990430622006,0.6556917862838916,higher-in-fake,0.13564879133092528,-0.039285714285714285,15,-0.13154007785629795,0.058974380871201396,0.017523266207476736,0.10325090302861907,False,0.03823420887355179
lm_pose_yaw_proxy,landmark_geometry,stylegan2_ood,60,209,0.3773846909171114,0.6104465709728868,0.5247826953748006,0.6874003189792663,higher-in-fake,-0.03367602111697694,,0,-0.13154007785629795,,0.017523266207476736,0.12003334259516535,False,0.03823420887355179
lm_pose_yaw_proxy,landmark_geometry,df40_dit,44,209,0.1884144327307981,0.5725315354501957,0.4774820574162679,0.659215963462375,higher-in-fake,0.2510218463706836,-0.17272727272727276,11,-0.13154007785629795,,0.017523266207476736,-0.09612403100775192,False,0.03823420887355179
lm_pose_yaw_proxy,landmark_geometry,df40_sit,45,209,-0.29504346982006857,0.43402445507708665,0.33269005847953215,0.532177033492823,higher-in-real,0.2067193675889328,0.6,6,-0.13154007785629795,,0.017523266207476736,-0.11462450592885375,False,0.03823420887355179
lm_pose_yaw_proxy,landmark_geometry,df40_ddim,45,209,-0.085107871582956,0.4818713450292398,0.3832961190855928,0.5870547581073896,higher-in-real,0.10500658761528325,-0.10714285714285716,7,-0.13154007785629795,,0.017523266207476736,0.08616600790513831,False,0.03823420887355179
lm_pose_yaw_proxy,landmark_geometry,df40_pixart,45,209,0.18031637848209586,0.5872408293460925,0.5133386496544391,0.66085326953748,higher-in-fake,-0.1458498023715415,0.09999999999999999,9,-0.13154007785629795,,0.017523266207476736,0.03175230566534914,False,0.03823420887355179
lm_pose_yaw_proxy,landmark_geometry,df40_sd21,44,209,0.16623328310401755,0.5887342322749022,0.5097542409743367,0.6658411265767725,higher-in-fake,0.015926708949964764,0.3333333333333334,8,-0.13154007785629795,,0.017523266207476736,0.24735729386892175,False,0.03823420887355179
lm_pose_yaw_proxy,landmark_geometry,midjourney,45,209,0.03948645042469598,0.5498139287612972,0.482177033492823,0.6176555023923445,higher-in-fake,0.11396574440052701,0.38333333333333336,9,-0.13154007785629795,,0.017523266207476736,0.22938076416337283,False,0.03823420887355179
bnd_boundary_edge_contrast,boundary,aiguard_unseen,53,185,-0.1410479700711217,0.4268230494645589,0.33682814890362056,0.51455124936257,higher-in-real,-0.24979841960974036,0.4945054945054946,15,-0.29144099874392526,,-0.3403832303551799,-0.2958393807450411,False,-0.16727466382178907
bnd_boundary_edge_contrast,boundary,stylegan2_ood,55,185,-0.3121912747538142,0.41906633906633906,0.3414226044226044,0.49150859950859954,higher-in-real,0.29148629148629157,,0,-0.29144099874392526,,-0.3403832303551799,-0.182972582972583,False,-0.16727466382178907
bnd_boundary_edge_contrast,boundary,df40_dit,44,185,-1.7132644267096266,0.0773955773955774,0.03881756756756757,0.12458538083538082,higher-in-real,-0.20098661028893586,0.5909090909090909,11,-0.29144099874392526,,-0.3403832303551799,-0.1310782241014799,False,-0.16727466382178907
bnd_boundary_edge_contrast,boundary,df40_sit,43,185,-1.862081156152535,0.052294154619736015,0.0251414204902577,0.08409805153991201,higher-in-real,-0.0480217456961643,0.5428571428571429,6,-0.29144099874392526,,-0.3403832303551799,-0.14950166112956811,False,-0.16727466382178907
bnd_boundary_edge_contrast,boundary,df40_ddim,41,185,-0.9894239830703514,0.22386288727752143,0.15132168754119973,0.30299604482531306,higher-in-real,-0.29686411149825787,-0.07142857142857144,7,-0.29144099874392526,,-0.3403832303551799,-0.26655052264808365,False,-0.16727466382178907
bnd_boundary_edge_contrast,boundary,df40_pixart,29,185,-1.308035078890666,0.10512581547064306,0.06503261882572227,0.15041938490214352,higher-in-real,-0.11428571428571425,-0.4285714285714286,9,-0.29144099874392526,,-0.3403832303551799,-0.25615763546798026,False,-0.16727466382178907
bnd_boundary_edge_contrast,boundary,df40_sd21,24,185,-1.6800190193882953,0.06486486486486487,0.02634009009009009,0.11780968468468467,higher-in-real,-0.2495652173913043,,8,-0.29144099874392526,,-0.3403832303551799,-0.20608695652173914,False,-0.16727466382178907
bnd_boundary_edge_contrast,boundary,midjourney,42,185,0.6315933708194039,0.6724581724581724,0.5704665379665379,0.7668082368082367,higher-in-fake,0.20638521999837942,-0.6190476190476191,9,-0.29144099874392526,,-0.3403832303551799,-0.6852767198768334,False,-0.16727466382178907
bnd_ring_texture_diff,boundary,aiguard_unseen,53,185,-0.10094540041248208,0.4842427332993371,0.40457929627740946,0.5596608873023967,higher-in-real,-0.28680857926140946,0.24395604395604395,15,0.16887016251012454,,-0.11087335582426748,0.13280116110304788,False,-0.10514407440226743
bnd_ring_texture_diff,boundary,stylegan2_ood,55,185,0.2974023188391233,0.6011793611793612,0.5258746928746929,0.6805945945945946,higher-in-fake,0.20490620490620495,,0,0.16887016251012454,,-0.11087335582426748,0.05584415584415585,False,-0.10514407440226743
bnd_ring_texture_diff,boundary,df40_dit,44,185,-0.4391129068725439,0.3331695331695332,0.2442199017199017,0.43046990171990174,higher-in-real,-0.08837209302325581,0.45454545454545453,11,0.16887016251012454,,-0.11087335582426748,0.035940803382663845,False,-0.10514407440226743
bnd_ring_texture_diff,boundary,df40_sit,43,185,-0.5369075851896071,0.34908862350722814,0.26447517284726585,0.4382306725329981,higher-in-real,-0.3044397463002114,-0.6,6,0.16887016251012454,,-0.11087335582426748,-0.006795530051344006,False,-0.10514407440226743
bnd_ring_texture_diff,boundary,df40_ddim,41,185,-0.5834128436674897,0.34462755438365195,0.2673698088332235,0.4291628213579433,higher-in-real,0.26933797909407675,0.3571428571428572,7,0.16887016251012454,,-0.11087335582426748,-0.01637630662020906,False,-0.10514407440226743
bnd_ring_texture_diff,boundary,df40_pixart,29,185,0.06821922992728091,0.5286113699906804,0.4260810810810811,0.6389655172413793,higher-in-fake,-0.1172413793103448,-0.3142857142857143,9,0.16887016251012454,,-0.11087335582426748,-0.06403940886699507,False,-0.10514407440226743
bnd_ring_texture_diff,boundary,df40_sd21,24,185,-0.26605849101427315,0.44166666666666665,0.3380574324324324,0.5495495495495496,higher-in-real,0.14869565217391303,,8,0.16887016251012454,,-0.11087335582426748,0.2434782608695652,False,-0.10514407440226743
bnd_ring_texture_diff,boundary,midjourney,42,185,-0.874510102767986,0.25302445302445303,0.18775418275418274,0.32329794079794083,higher-in-real,0.19714771898549552,-0.2142857142857143,9,0.16887016251012454,,-0.11087335582426748,-0.035734543391945546,False,-0.10514407440226743
bnd_ring_mean_diff,boundary,aiguard_unseen,53,185,0.021546455865523548,0.5166751657317695,0.43383987761346254,0.6082610912799592,higher-in-fake,0.295355587808418,-0.27912087912087913,15,-0.05730135477645817,,0.19627004283385774,0.05749072730204805,False,0.41579702149987574
bnd_ring_mean_diff,boundary,stylegan2_ood,55,185,0.2987334609722952,0.5881081081081081,0.5030859950859952,0.6785429975429975,higher-in-fake,0.09978354978354981,,0,-0.05730135477645817,,0.19627004283385774,0.21724386724386732,False,0.41579702149987574
bnd_ring_mean_diff,boundary,df40_dit,44,185,-0.3036898967224786,0.4296068796068796,0.3468058968058968,0.518470515970516,higher-in-real,-0.0599013389711064,-0.009090909090909092,11,-0.05730135477645817,,0.19627004283385774,-0.1680056377730796,False,0.41579702149987574
bnd_ring_mean_diff,boundary,df40_sit,43,185,-0.11640062964891389,0.4795725958516656,0.3886737900691389,0.5698491514770584,higher-in-real,0.2612503775294473,0.08571428571428573,6,-0.05730135477645817,,0.19627004283385774,-0.0066445182724252485,False,0.41579702149987574
bnd_ring_mean_diff,boundary,df40_ddim,41,185,-0.29079950131149196,0.42109426499670405,0.32398483849703363,0.5103592617007251,higher-in-real,0.22491289198606274,0.642857142857143,7,-0.05730135477645817,,0.19627004283385774,-0.011498257839721256,False,0.41579702149987574
bnd_ring_mean_diff,boundary,df40_pixart,29,185,0.29350990019307815,0.6164026095060577,0.5125535880708295,0.7103494874184529,higher-in-fake,0.03940886699507388,-0.3142857142857143,9,-0.05730135477645817,,0.19627004283385774,0.18275862068965515,False,0.41579702149987574
bnd_ring_mean_diff,boundary,df40_sd21,24,185,0.25730060891210105,0.5641891891891891,0.43892454954954957,0.6842398648648649,higher-in-fake,0.09739130434782609,,8,-0.05730135477645817,,0.19627004283385774,0.3678260869565217,False,0.41579702149987574
bnd_ring_mean_diff,boundary,midjourney,42,185,0.15170188356291756,0.5455598455598456,0.4438867438867439,0.6422329472329472,higher-in-fake,0.2929260189611863,-0.5714285714285715,9,-0.05730135477645817,,0.19627004283385774,-0.21691921238149262,False,0.41579702149987574
