model,source,filter_type,n_failures,n_total_composites,failure_mode,count,pct_of_failures,pct_of_all_composites
CellC@0.85,DF40-cdf-DiT,eye_enlarging,36,36,layer1_real,0,0.0,0.0
CellC@0.85,DF40-cdf-DiT,eye_enlarging,36,36,fake_head_miss,0,0.0,0.0
CellC@0.85,DF40-cdf-DiT,eye_enlarging,36,36,filter_head_miss,36,100.0,100.0
CellC@0.85,DF40-cdf-DiT,eye_enlarging,36,36,threshold_calibration_miss,0,0.0,0.0
CellC@0.85,DF40-cdf-DiT,eye_enlarging,36,36,other_unclassifiable,0,0.0,0.0
CellC@0.85,DF40-cdf-DiT,face_reshaping,36,36,layer1_real,0,0.0,0.0
CellC@0.85,DF40-cdf-DiT,face_reshaping,36,36,fake_head_miss,0,0.0,0.0
CellC@0.85,DF40-cdf-DiT,face_reshaping,36,36,filter_head_miss,36,100.0,100.0
CellC@0.85,DF40-cdf-DiT,face_reshaping,36,36,threshold_calibration_miss,0,0.0,0.0
CellC@0.85,DF40-cdf-DiT,face_reshaping,36,36,other_unclassifiable,0,0.0,0.0
CellC@0.85,DF40-cdf-DiT,smoothing_medium,34,36,layer1_real,0,0.0,0.0
CellC@0.85,DF40-cdf-DiT,smoothing_medium,34,36,fake_head_miss,0,0.0,0.0
CellC@0.85,DF40-cdf-DiT,smoothing_medium,34,36,filter_head_miss,32,94.11764705882352,88.88888888888889
CellC@0.85,DF40-cdf-DiT,smoothing_medium,34,36,threshold_calibration_miss,2,5.88235294117647,5.555555555555555
CellC@0.85,DF40-cdf-DiT,smoothing_medium,34,36,other_unclassifiable,0,0.0,0.0
CellC@0.85,DF40-cdf-DiT,whitening_medium,36,36,layer1_real,0,0.0,0.0
CellC@0.85,DF40-cdf-DiT,whitening_medium,36,36,fake_head_miss,0,0.0,0.0
CellC@0.85,DF40-cdf-DiT,whitening_medium,36,36,filter_head_miss,36,100.0,100.0
CellC@0.85,DF40-cdf-DiT,whitening_medium,36,36,threshold_calibration_miss,0,0.0,0.0
CellC@0.85,DF40-cdf-DiT,whitening_medium,36,36,other_unclassifiable,0,0.0,0.0
CellC@0.85,DF40-cdf-SiT,eye_enlarging,42,42,layer1_real,0,0.0,0.0
CellC@0.85,DF40-cdf-SiT,eye_enlarging,42,42,fake_head_miss,0,0.0,0.0
CellC@0.85,DF40-cdf-SiT,eye_enlarging,42,42,filter_head_miss,42,100.0,100.0
CellC@0.85,DF40-cdf-SiT,eye_enlarging,42,42,threshold_calibration_miss,0,0.0,0.0
CellC@0.85,DF40-cdf-SiT,eye_enlarging,42,42,other_unclassifiable,0,0.0,0.0
CellC@0.85,DF40-cdf-SiT,face_reshaping,42,42,layer1_real,0,0.0,0.0
CellC@0.85,DF40-cdf-SiT,face_reshaping,42,42,fake_head_miss,0,0.0,0.0
CellC@0.85,DF40-cdf-SiT,face_reshaping,42,42,filter_head_miss,42,100.0,100.0
CellC@0.85,DF40-cdf-SiT,face_reshaping,42,42,threshold_calibration_miss,0,0.0,0.0
CellC@0.85,DF40-cdf-SiT,face_reshaping,42,42,other_unclassifiable,0,0.0,0.0
CellC@0.85,DF40-cdf-SiT,smoothing_medium,40,42,layer1_real,0,0.0,0.0
CellC@0.85,DF40-cdf-SiT,smoothing_medium,40,42,fake_head_miss,0,0.0,0.0
CellC@0.85,DF40-cdf-SiT,smoothing_medium,40,42,filter_head_miss,35,87.5,83.33333333333334
CellC@0.85,DF40-cdf-SiT,smoothing_medium,40,42,threshold_calibration_miss,5,12.5,11.904761904761903
CellC@0.85,DF40-cdf-SiT,smoothing_medium,40,42,other_unclassifiable,0,0.0,0.0
CellC@0.85,DF40-cdf-SiT,whitening_medium,42,42,layer1_real,0,0.0,0.0
CellC@0.85,DF40-cdf-SiT,whitening_medium,42,42,fake_head_miss,0,0.0,0.0
CellC@0.85,DF40-cdf-SiT,whitening_medium,42,42,filter_head_miss,42,100.0,100.0
CellC@0.85,DF40-cdf-SiT,whitening_medium,42,42,threshold_calibration_miss,0,0.0,0.0
CellC@0.85,DF40-cdf-SiT,whitening_medium,42,42,other_unclassifiable,0,0.0,0.0
CellC@0.85,DF40-cdf-ddim,eye_enlarging,40,40,layer1_real,1,2.5,2.5
CellC@0.85,DF40-cdf-ddim,eye_enlarging,40,40,fake_head_miss,0,0.0,0.0
CellC@0.85,DF40-cdf-ddim,eye_enlarging,40,40,filter_head_miss,32,80.0,80.0
CellC@0.85,DF40-cdf-ddim,eye_enlarging,40,40,threshold_calibration_miss,7,17.5,17.5
CellC@0.85,DF40-cdf-ddim,eye_enlarging,40,40,other_unclassifiable,0,0.0,0.0
CellC@0.85,DF40-cdf-ddim,face_reshaping,40,40,layer1_real,0,0.0,0.0
CellC@0.85,DF40-cdf-ddim,face_reshaping,40,40,fake_head_miss,0,0.0,0.0
CellC@0.85,DF40-cdf-ddim,face_reshaping,40,40,filter_head_miss,35,87.5,87.5
CellC@0.85,DF40-cdf-ddim,face_reshaping,40,40,threshold_calibration_miss,5,12.5,12.5
CellC@0.85,DF40-cdf-ddim,face_reshaping,40,40,other_unclassifiable,0,0.0,0.0
CellC@0.85,DF40-cdf-ddim,smoothing_medium,28,40,layer1_real,0,0.0,0.0
CellC@0.85,DF40-cdf-ddim,smoothing_medium,28,40,fake_head_miss,0,0.0,0.0
CellC@0.85,DF40-cdf-ddim,smoothing_medium,28,40,filter_head_miss,13,46.42857142857143,32.5
CellC@0.85,DF40-cdf-ddim,smoothing_medium,28,40,threshold_calibration_miss,15,53.57142857142857,37.5
CellC@0.85,DF40-cdf-ddim,smoothing_medium,28,40,other_unclassifiable,0,0.0,0.0
CellC@0.85,DF40-cdf-ddim,whitening_medium,40,40,layer1_real,1,2.5,2.5
CellC@0.85,DF40-cdf-ddim,whitening_medium,40,40,fake_head_miss,0,0.0,0.0
CellC@0.85,DF40-cdf-ddim,whitening_medium,40,40,filter_head_miss,38,95.0,95.0
CellC@0.85,DF40-cdf-ddim,whitening_medium,40,40,threshold_calibration_miss,1,2.5,2.5
CellC@0.85,DF40-cdf-ddim,whitening_medium,40,40,other_unclassifiable,0,0.0,0.0
CellC@0.85,DF40-cdf-pixart,eye_enlarging,43,43,layer1_real,0,0.0,0.0
CellC@0.85,DF40-cdf-pixart,eye_enlarging,43,43,fake_head_miss,0,0.0,0.0
CellC@0.85,DF40-cdf-pixart,eye_enlarging,43,43,filter_head_miss,43,100.0,100.0
CellC@0.85,DF40-cdf-pixart,eye_enlarging,43,43,threshold_calibration_miss,0,0.0,0.0
CellC@0.85,DF40-cdf-pixart,eye_enlarging,43,43,other_unclassifiable,0,0.0,0.0
CellC@0.85,DF40-cdf-pixart,face_reshaping,43,43,layer1_real,0,0.0,0.0
CellC@0.85,DF40-cdf-pixart,face_reshaping,43,43,fake_head_miss,0,0.0,0.0
CellC@0.85,DF40-cdf-pixart,face_reshaping,43,43,filter_head_miss,43,100.0,100.0
CellC@0.85,DF40-cdf-pixart,face_reshaping,43,43,threshold_calibration_miss,0,0.0,0.0
CellC@0.85,DF40-cdf-pixart,face_reshaping,43,43,other_unclassifiable,0,0.0,0.0
CellC@0.85,DF40-cdf-pixart,smoothing_medium,43,43,layer1_real,0,0.0,0.0
CellC@0.85,DF40-cdf-pixart,smoothing_medium,43,43,fake_head_miss,0,0.0,0.0
CellC@0.85,DF40-cdf-pixart,smoothing_medium,43,43,filter_head_miss,43,100.0,100.0
CellC@0.85,DF40-cdf-pixart,smoothing_medium,43,43,threshold_calibration_miss,0,0.0,0.0
CellC@0.85,DF40-cdf-pixart,smoothing_medium,43,43,other_unclassifiable,0,0.0,0.0
CellC@0.85,DF40-cdf-pixart,whitening_medium,43,43,layer1_real,0,0.0,0.0
CellC@0.85,DF40-cdf-pixart,whitening_medium,43,43,fake_head_miss,0,0.0,0.0
CellC@0.85,DF40-cdf-pixart,whitening_medium,43,43,filter_head_miss,43,100.0,100.0
CellC@0.85,DF40-cdf-pixart,whitening_medium,43,43,threshold_calibration_miss,0,0.0,0.0
CellC@0.85,DF40-cdf-pixart,whitening_medium,43,43,other_unclassifiable,0,0.0,0.0
CellC@0.85,DF40-cdf-sd2.1,eye_enlarging,37,37,layer1_real,0,0.0,0.0
CellC@0.85,DF40-cdf-sd2.1,eye_enlarging,37,37,fake_head_miss,0,0.0,0.0
CellC@0.85,DF40-cdf-sd2.1,eye_enlarging,37,37,filter_head_miss,37,100.0,100.0
CellC@0.85,DF40-cdf-sd2.1,eye_enlarging,37,37,threshold_calibration_miss,0,0.0,0.0
CellC@0.85,DF40-cdf-sd2.1,eye_enlarging,37,37,other_unclassifiable,0,0.0,0.0
CellC@0.85,DF40-cdf-sd2.1,face_reshaping,37,37,layer1_real,0,0.0,0.0
CellC@0.85,DF40-cdf-sd2.1,face_reshaping,37,37,fake_head_miss,0,0.0,0.0
CellC@0.85,DF40-cdf-sd2.1,face_reshaping,37,37,filter_head_miss,37,100.0,100.0
CellC@0.85,DF40-cdf-sd2.1,face_reshaping,37,37,threshold_calibration_miss,0,0.0,0.0
CellC@0.85,DF40-cdf-sd2.1,face_reshaping,37,37,other_unclassifiable,0,0.0,0.0
CellC@0.85,DF40-cdf-sd2.1,smoothing_medium,37,37,layer1_real,0,0.0,0.0
CellC@0.85,DF40-cdf-sd2.1,smoothing_medium,37,37,fake_head_miss,0,0.0,0.0
CellC@0.85,DF40-cdf-sd2.1,smoothing_medium,37,37,filter_head_miss,37,100.0,100.0
CellC@0.85,DF40-cdf-sd2.1,smoothing_medium,37,37,threshold_calibration_miss,0,0.0,0.0
CellC@0.85,DF40-cdf-sd2.1,smoothing_medium,37,37,other_unclassifiable,0,0.0,0.0
CellC@0.85,DF40-cdf-sd2.1,whitening_medium,39,39,layer1_real,0,0.0,0.0
CellC@0.85,DF40-cdf-sd2.1,whitening_medium,39,39,fake_head_miss,0,0.0,0.0
CellC@0.85,DF40-cdf-sd2.1,whitening_medium,39,39,filter_head_miss,39,100.0,100.0
CellC@0.85,DF40-cdf-sd2.1,whitening_medium,39,39,threshold_calibration_miss,0,0.0,0.0
CellC@0.85,DF40-cdf-sd2.1,whitening_medium,39,39,other_unclassifiable,0,0.0,0.0
v816@0.95_calibrated,DF40-cdf-DiT,eye_enlarging,36,36,layer1_real,0,0.0,0.0
v816@0.95_calibrated,DF40-cdf-DiT,eye_enlarging,36,36,fake_head_miss,0,0.0,0.0
v816@0.95_calibrated,DF40-cdf-DiT,eye_enlarging,36,36,filter_head_miss,31,86.11111111111111,86.11111111111111
v816@0.95_calibrated,DF40-cdf-DiT,eye_enlarging,36,36,threshold_calibration_miss,5,13.88888888888889,13.88888888888889
v816@0.95_calibrated,DF40-cdf-DiT,eye_enlarging,36,36,other_unclassifiable,0,0.0,0.0
v816@0.95_calibrated,DF40-cdf-DiT,face_reshaping,36,36,layer1_real,0,0.0,0.0
v816@0.95_calibrated,DF40-cdf-DiT,face_reshaping,36,36,fake_head_miss,0,0.0,0.0
v816@0.95_calibrated,DF40-cdf-DiT,face_reshaping,36,36,filter_head_miss,25,69.44444444444444,69.44444444444444
v816@0.95_calibrated,DF40-cdf-DiT,face_reshaping,36,36,threshold_calibration_miss,11,30.555555555555557,30.555555555555557
v816@0.95_calibrated,DF40-cdf-DiT,face_reshaping,36,36,other_unclassifiable,0,0.0,0.0
v816@0.95_calibrated,DF40-cdf-DiT,smoothing_medium,31,36,layer1_real,0,0.0,0.0
v816@0.95_calibrated,DF40-cdf-DiT,smoothing_medium,31,36,fake_head_miss,0,0.0,0.0
v816@0.95_calibrated,DF40-cdf-DiT,smoothing_medium,31,36,filter_head_miss,0,0.0,0.0
v816@0.95_calibrated,DF40-cdf-DiT,smoothing_medium,31,36,threshold_calibration_miss,31,100.0,86.11111111111111
v816@0.95_calibrated,DF40-cdf-DiT,smoothing_medium,31,36,other_unclassifiable,0,0.0,0.0
v816@0.95_calibrated,DF40-cdf-DiT,whitening_medium,36,36,layer1_real,0,0.0,0.0
v816@0.95_calibrated,DF40-cdf-DiT,whitening_medium,36,36,fake_head_miss,0,0.0,0.0
v816@0.95_calibrated,DF40-cdf-DiT,whitening_medium,36,36,filter_head_miss,33,91.66666666666666,91.66666666666666
v816@0.95_calibrated,DF40-cdf-DiT,whitening_medium,36,36,threshold_calibration_miss,3,8.333333333333332,8.333333333333332
v816@0.95_calibrated,DF40-cdf-DiT,whitening_medium,36,36,other_unclassifiable,0,0.0,0.0
v816@0.95_calibrated,DF40-cdf-SiT,eye_enlarging,42,42,layer1_real,0,0.0,0.0
v816@0.95_calibrated,DF40-cdf-SiT,eye_enlarging,42,42,fake_head_miss,0,0.0,0.0
v816@0.95_calibrated,DF40-cdf-SiT,eye_enlarging,42,42,filter_head_miss,37,88.09523809523809,88.09523809523809
v816@0.95_calibrated,DF40-cdf-SiT,eye_enlarging,42,42,threshold_calibration_miss,5,11.904761904761903,11.904761904761903
v816@0.95_calibrated,DF40-cdf-SiT,eye_enlarging,42,42,other_unclassifiable,0,0.0,0.0
v816@0.95_calibrated,DF40-cdf-SiT,face_reshaping,42,42,layer1_real,0,0.0,0.0
v816@0.95_calibrated,DF40-cdf-SiT,face_reshaping,42,42,fake_head_miss,0,0.0,0.0
v816@0.95_calibrated,DF40-cdf-SiT,face_reshaping,42,42,filter_head_miss,31,73.80952380952381,73.80952380952381
v816@0.95_calibrated,DF40-cdf-SiT,face_reshaping,42,42,threshold_calibration_miss,11,26.190476190476193,26.190476190476193
v816@0.95_calibrated,DF40-cdf-SiT,face_reshaping,42,42,other_unclassifiable,0,0.0,0.0
v816@0.95_calibrated,DF40-cdf-SiT,smoothing_medium,35,42,layer1_real,0,0.0,0.0
v816@0.95_calibrated,DF40-cdf-SiT,smoothing_medium,35,42,fake_head_miss,0,0.0,0.0
v816@0.95_calibrated,DF40-cdf-SiT,smoothing_medium,35,42,filter_head_miss,0,0.0,0.0
v816@0.95_calibrated,DF40-cdf-SiT,smoothing_medium,35,42,threshold_calibration_miss,35,100.0,83.33333333333334
v816@0.95_calibrated,DF40-cdf-SiT,smoothing_medium,35,42,other_unclassifiable,0,0.0,0.0
v816@0.95_calibrated,DF40-cdf-SiT,whitening_medium,42,42,layer1_real,0,0.0,0.0
v816@0.95_calibrated,DF40-cdf-SiT,whitening_medium,42,42,fake_head_miss,0,0.0,0.0
v816@0.95_calibrated,DF40-cdf-SiT,whitening_medium,42,42,filter_head_miss,38,90.47619047619048,90.47619047619048
v816@0.95_calibrated,DF40-cdf-SiT,whitening_medium,42,42,threshold_calibration_miss,4,9.523809523809524,9.523809523809524
v816@0.95_calibrated,DF40-cdf-SiT,whitening_medium,42,42,other_unclassifiable,0,0.0,0.0
v816@0.95_calibrated,DF40-cdf-ddim,eye_enlarging,40,40,layer1_real,1,2.5,2.5
v816@0.95_calibrated,DF40-cdf-ddim,eye_enlarging,40,40,fake_head_miss,0,0.0,0.0
v816@0.95_calibrated,DF40-cdf-ddim,eye_enlarging,40,40,filter_head_miss,18,45.0,45.0
v816@0.95_calibrated,DF40-cdf-ddim,eye_enlarging,40,40,threshold_calibration_miss,21,52.5,52.5
v816@0.95_calibrated,DF40-cdf-ddim,eye_enlarging,40,40,other_unclassifiable,0,0.0,0.0
v816@0.95_calibrated,DF40-cdf-ddim,face_reshaping,40,40,layer1_real,0,0.0,0.0
v816@0.95_calibrated,DF40-cdf-ddim,face_reshaping,40,40,fake_head_miss,0,0.0,0.0
v816@0.95_calibrated,DF40-cdf-ddim,face_reshaping,40,40,filter_head_miss,22,55.00000000000001,55.00000000000001
v816@0.95_calibrated,DF40-cdf-ddim,face_reshaping,40,40,threshold_calibration_miss,18,45.0,45.0
v816@0.95_calibrated,DF40-cdf-ddim,face_reshaping,40,40,other_unclassifiable,0,0.0,0.0
v816@0.95_calibrated,DF40-cdf-ddim,smoothing_medium,16,40,layer1_real,0,0.0,0.0
v816@0.95_calibrated,DF40-cdf-ddim,smoothing_medium,16,40,fake_head_miss,0,0.0,0.0
v816@0.95_calibrated,DF40-cdf-ddim,smoothing_medium,16,40,filter_head_miss,0,0.0,0.0
v816@0.95_calibrated,DF40-cdf-ddim,smoothing_medium,16,40,threshold_calibration_miss,16,100.0,40.0
v816@0.95_calibrated,DF40-cdf-ddim,smoothing_medium,16,40,other_unclassifiable,0,0.0,0.0
v816@0.95_calibrated,DF40-cdf-ddim,whitening_medium,40,40,layer1_real,1,2.5,2.5
v816@0.95_calibrated,DF40-cdf-ddim,whitening_medium,40,40,fake_head_miss,0,0.0,0.0
v816@0.95_calibrated,DF40-cdf-ddim,whitening_medium,40,40,filter_head_miss,32,80.0,80.0
v816@0.95_calibrated,DF40-cdf-ddim,whitening_medium,40,40,threshold_calibration_miss,7,17.5,17.5
v816@0.95_calibrated,DF40-cdf-ddim,whitening_medium,40,40,other_unclassifiable,0,0.0,0.0
v816@0.95_calibrated,DF40-cdf-pixart,eye_enlarging,43,43,layer1_real,0,0.0,0.0
v816@0.95_calibrated,DF40-cdf-pixart,eye_enlarging,43,43,fake_head_miss,0,0.0,0.0
v816@0.95_calibrated,DF40-cdf-pixart,eye_enlarging,43,43,filter_head_miss,38,88.37209302325581,88.37209302325581
v816@0.95_calibrated,DF40-cdf-pixart,eye_enlarging,43,43,threshold_calibration_miss,5,11.627906976744185,11.627906976744185
v816@0.95_calibrated,DF40-cdf-pixart,eye_enlarging,43,43,other_unclassifiable,0,0.0,0.0
v816@0.95_calibrated,DF40-cdf-pixart,face_reshaping,43,43,layer1_real,0,0.0,0.0
v816@0.95_calibrated,DF40-cdf-pixart,face_reshaping,43,43,fake_head_miss,0,0.0,0.0
v816@0.95_calibrated,DF40-cdf-pixart,face_reshaping,43,43,filter_head_miss,39,90.69767441860465,90.69767441860465
v816@0.95_calibrated,DF40-cdf-pixart,face_reshaping,43,43,threshold_calibration_miss,4,9.30232558139535,9.30232558139535
v816@0.95_calibrated,DF40-cdf-pixart,face_reshaping,43,43,other_unclassifiable,0,0.0,0.0
v816@0.95_calibrated,DF40-cdf-pixart,smoothing_medium,43,43,layer1_real,0,0.0,0.0
v816@0.95_calibrated,DF40-cdf-pixart,smoothing_medium,43,43,fake_head_miss,0,0.0,0.0
v816@0.95_calibrated,DF40-cdf-pixart,smoothing_medium,43,43,filter_head_miss,39,90.69767441860465,90.69767441860465
v816@0.95_calibrated,DF40-cdf-pixart,smoothing_medium,43,43,threshold_calibration_miss,4,9.30232558139535,9.30232558139535
v816@0.95_calibrated,DF40-cdf-pixart,smoothing_medium,43,43,other_unclassifiable,0,0.0,0.0
v816@0.95_calibrated,DF40-cdf-pixart,whitening_medium,43,43,layer1_real,0,0.0,0.0
v816@0.95_calibrated,DF40-cdf-pixart,whitening_medium,43,43,fake_head_miss,0,0.0,0.0
v816@0.95_calibrated,DF40-cdf-pixart,whitening_medium,43,43,filter_head_miss,39,90.69767441860465,90.69767441860465
v816@0.95_calibrated,DF40-cdf-pixart,whitening_medium,43,43,threshold_calibration_miss,4,9.30232558139535,9.30232558139535
v816@0.95_calibrated,DF40-cdf-pixart,whitening_medium,43,43,other_unclassifiable,0,0.0,0.0
v816@0.95_calibrated,DF40-cdf-sd2.1,eye_enlarging,37,37,layer1_real,0,0.0,0.0
v816@0.95_calibrated,DF40-cdf-sd2.1,eye_enlarging,37,37,fake_head_miss,0,0.0,0.0
v816@0.95_calibrated,DF40-cdf-sd2.1,eye_enlarging,37,37,filter_head_miss,31,83.78378378378379,83.78378378378379
v816@0.95_calibrated,DF40-cdf-sd2.1,eye_enlarging,37,37,threshold_calibration_miss,6,16.216216216216218,16.216216216216218
v816@0.95_calibrated,DF40-cdf-sd2.1,eye_enlarging,37,37,other_unclassifiable,0,0.0,0.0
v816@0.95_calibrated,DF40-cdf-sd2.1,face_reshaping,37,37,layer1_real,0,0.0,0.0
v816@0.95_calibrated,DF40-cdf-sd2.1,face_reshaping,37,37,fake_head_miss,0,0.0,0.0
v816@0.95_calibrated,DF40-cdf-sd2.1,face_reshaping,37,37,filter_head_miss,32,86.48648648648648,86.48648648648648
v816@0.95_calibrated,DF40-cdf-sd2.1,face_reshaping,37,37,threshold_calibration_miss,5,13.513513513513514,13.513513513513514
v816@0.95_calibrated,DF40-cdf-sd2.1,face_reshaping,37,37,other_unclassifiable,0,0.0,0.0
v816@0.95_calibrated,DF40-cdf-sd2.1,smoothing_medium,37,37,layer1_real,0,0.0,0.0
v816@0.95_calibrated,DF40-cdf-sd2.1,smoothing_medium,37,37,fake_head_miss,0,0.0,0.0
v816@0.95_calibrated,DF40-cdf-sd2.1,smoothing_medium,37,37,filter_head_miss,27,72.97297297297297,72.97297297297297
v816@0.95_calibrated,DF40-cdf-sd2.1,smoothing_medium,37,37,threshold_calibration_miss,10,27.027027027027028,27.027027027027028
v816@0.95_calibrated,DF40-cdf-sd2.1,smoothing_medium,37,37,other_unclassifiable,0,0.0,0.0
v816@0.95_calibrated,DF40-cdf-sd2.1,whitening_medium,39,39,layer1_real,0,0.0,0.0
v816@0.95_calibrated,DF40-cdf-sd2.1,whitening_medium,39,39,fake_head_miss,0,0.0,0.0
v816@0.95_calibrated,DF40-cdf-sd2.1,whitening_medium,39,39,filter_head_miss,35,89.74358974358975,89.74358974358975
v816@0.95_calibrated,DF40-cdf-sd2.1,whitening_medium,39,39,threshold_calibration_miss,4,10.256410256410255,10.256410256410255
v816@0.95_calibrated,DF40-cdf-sd2.1,whitening_medium,39,39,other_unclassifiable,0,0.0,0.0
v816@0.85_uncalibrated_reference,DF40-cdf-DiT,eye_enlarging,36,36,layer1_real,0,0.0,0.0
v816@0.85_uncalibrated_reference,DF40-cdf-DiT,eye_enlarging,36,36,fake_head_miss,0,0.0,0.0
v816@0.85_uncalibrated_reference,DF40-cdf-DiT,eye_enlarging,36,36,filter_head_miss,31,86.11111111111111,86.11111111111111
v816@0.85_uncalibrated_reference,DF40-cdf-DiT,eye_enlarging,36,36,threshold_calibration_miss,5,13.88888888888889,13.88888888888889
v816@0.85_uncalibrated_reference,DF40-cdf-DiT,eye_enlarging,36,36,other_unclassifiable,0,0.0,0.0
v816@0.85_uncalibrated_reference,DF40-cdf-DiT,face_reshaping,36,36,layer1_real,0,0.0,0.0
v816@0.85_uncalibrated_reference,DF40-cdf-DiT,face_reshaping,36,36,fake_head_miss,0,0.0,0.0
v816@0.85_uncalibrated_reference,DF40-cdf-DiT,face_reshaping,36,36,filter_head_miss,25,69.44444444444444,69.44444444444444
v816@0.85_uncalibrated_reference,DF40-cdf-DiT,face_reshaping,36,36,threshold_calibration_miss,11,30.555555555555557,30.555555555555557
v816@0.85_uncalibrated_reference,DF40-cdf-DiT,face_reshaping,36,36,other_unclassifiable,0,0.0,0.0
v816@0.85_uncalibrated_reference,DF40-cdf-DiT,smoothing_medium,13,36,layer1_real,0,0.0,0.0
v816@0.85_uncalibrated_reference,DF40-cdf-DiT,smoothing_medium,13,36,fake_head_miss,0,0.0,0.0
v816@0.85_uncalibrated_reference,DF40-cdf-DiT,smoothing_medium,13,36,filter_head_miss,0,0.0,0.0
v816@0.85_uncalibrated_reference,DF40-cdf-DiT,smoothing_medium,13,36,threshold_calibration_miss,13,100.0,36.11111111111111
v816@0.85_uncalibrated_reference,DF40-cdf-DiT,smoothing_medium,13,36,other_unclassifiable,0,0.0,0.0
v816@0.85_uncalibrated_reference,DF40-cdf-DiT,whitening_medium,36,36,layer1_real,0,0.0,0.0
v816@0.85_uncalibrated_reference,DF40-cdf-DiT,whitening_medium,36,36,fake_head_miss,0,0.0,0.0
v816@0.85_uncalibrated_reference,DF40-cdf-DiT,whitening_medium,36,36,filter_head_miss,33,91.66666666666666,91.66666666666666
v816@0.85_uncalibrated_reference,DF40-cdf-DiT,whitening_medium,36,36,threshold_calibration_miss,3,8.333333333333332,8.333333333333332
v816@0.85_uncalibrated_reference,DF40-cdf-DiT,whitening_medium,36,36,other_unclassifiable,0,0.0,0.0
v816@0.85_uncalibrated_reference,DF40-cdf-SiT,eye_enlarging,42,42,layer1_real,0,0.0,0.0
v816@0.85_uncalibrated_reference,DF40-cdf-SiT,eye_enlarging,42,42,fake_head_miss,0,0.0,0.0
v816@0.85_uncalibrated_reference,DF40-cdf-SiT,eye_enlarging,42,42,filter_head_miss,37,88.09523809523809,88.09523809523809
v816@0.85_uncalibrated_reference,DF40-cdf-SiT,eye_enlarging,42,42,threshold_calibration_miss,5,11.904761904761903,11.904761904761903
v816@0.85_uncalibrated_reference,DF40-cdf-SiT,eye_enlarging,42,42,other_unclassifiable,0,0.0,0.0
v816@0.85_uncalibrated_reference,DF40-cdf-SiT,face_reshaping,42,42,layer1_real,0,0.0,0.0
v816@0.85_uncalibrated_reference,DF40-cdf-SiT,face_reshaping,42,42,fake_head_miss,0,0.0,0.0
v816@0.85_uncalibrated_reference,DF40-cdf-SiT,face_reshaping,42,42,filter_head_miss,31,73.80952380952381,73.80952380952381
v816@0.85_uncalibrated_reference,DF40-cdf-SiT,face_reshaping,42,42,threshold_calibration_miss,11,26.190476190476193,26.190476190476193
v816@0.85_uncalibrated_reference,DF40-cdf-SiT,face_reshaping,42,42,other_unclassifiable,0,0.0,0.0
v816@0.85_uncalibrated_reference,DF40-cdf-SiT,smoothing_medium,19,42,layer1_real,0,0.0,0.0
v816@0.85_uncalibrated_reference,DF40-cdf-SiT,smoothing_medium,19,42,fake_head_miss,0,0.0,0.0
v816@0.85_uncalibrated_reference,DF40-cdf-SiT,smoothing_medium,19,42,filter_head_miss,0,0.0,0.0
v816@0.85_uncalibrated_reference,DF40-cdf-SiT,smoothing_medium,19,42,threshold_calibration_miss,19,100.0,45.23809523809524
v816@0.85_uncalibrated_reference,DF40-cdf-SiT,smoothing_medium,19,42,other_unclassifiable,0,0.0,0.0
v816@0.85_uncalibrated_reference,DF40-cdf-SiT,whitening_medium,42,42,layer1_real,0,0.0,0.0
v816@0.85_uncalibrated_reference,DF40-cdf-SiT,whitening_medium,42,42,fake_head_miss,0,0.0,0.0
v816@0.85_uncalibrated_reference,DF40-cdf-SiT,whitening_medium,42,42,filter_head_miss,38,90.47619047619048,90.47619047619048
v816@0.85_uncalibrated_reference,DF40-cdf-SiT,whitening_medium,42,42,threshold_calibration_miss,4,9.523809523809524,9.523809523809524
v816@0.85_uncalibrated_reference,DF40-cdf-SiT,whitening_medium,42,42,other_unclassifiable,0,0.0,0.0
v816@0.85_uncalibrated_reference,DF40-cdf-ddim,eye_enlarging,37,40,layer1_real,1,2.7027027027027026,2.5
v816@0.85_uncalibrated_reference,DF40-cdf-ddim,eye_enlarging,37,40,fake_head_miss,0,0.0,0.0
v816@0.85_uncalibrated_reference,DF40-cdf-ddim,eye_enlarging,37,40,filter_head_miss,18,48.64864864864865,45.0
v816@0.85_uncalibrated_reference,DF40-cdf-ddim,eye_enlarging,37,40,threshold_calibration_miss,18,48.64864864864865,45.0
v816@0.85_uncalibrated_reference,DF40-cdf-ddim,eye_enlarging,37,40,other_unclassifiable,0,0.0,0.0
v816@0.85_uncalibrated_reference,DF40-cdf-ddim,face_reshaping,36,40,layer1_real,0,0.0,0.0
v816@0.85_uncalibrated_reference,DF40-cdf-ddim,face_reshaping,36,40,fake_head_miss,0,0.0,0.0
v816@0.85_uncalibrated_reference,DF40-cdf-ddim,face_reshaping,36,40,filter_head_miss,22,61.111111111111114,55.00000000000001
v816@0.85_uncalibrated_reference,DF40-cdf-ddim,face_reshaping,36,40,threshold_calibration_miss,14,38.88888888888889,35.0
v816@0.85_uncalibrated_reference,DF40-cdf-ddim,face_reshaping,36,40,other_unclassifiable,0,0.0,0.0
v816@0.85_uncalibrated_reference,DF40-cdf-ddim,smoothing_medium,4,40,layer1_real,0,0.0,0.0
v816@0.85_uncalibrated_reference,DF40-cdf-ddim,smoothing_medium,4,40,fake_head_miss,0,0.0,0.0
v816@0.85_uncalibrated_reference,DF40-cdf-ddim,smoothing_medium,4,40,filter_head_miss,0,0.0,0.0
v816@0.85_uncalibrated_reference,DF40-cdf-ddim,smoothing_medium,4,40,threshold_calibration_miss,4,100.0,10.0
v816@0.85_uncalibrated_reference,DF40-cdf-ddim,smoothing_medium,4,40,other_unclassifiable,0,0.0,0.0
v816@0.85_uncalibrated_reference,DF40-cdf-ddim,whitening_medium,40,40,layer1_real,1,2.5,2.5
v816@0.85_uncalibrated_reference,DF40-cdf-ddim,whitening_medium,40,40,fake_head_miss,0,0.0,0.0
v816@0.85_uncalibrated_reference,DF40-cdf-ddim,whitening_medium,40,40,filter_head_miss,32,80.0,80.0
v816@0.85_uncalibrated_reference,DF40-cdf-ddim,whitening_medium,40,40,threshold_calibration_miss,7,17.5,17.5
v816@0.85_uncalibrated_reference,DF40-cdf-ddim,whitening_medium,40,40,other_unclassifiable,0,0.0,0.0
v816@0.85_uncalibrated_reference,DF40-cdf-pixart,eye_enlarging,43,43,layer1_real,0,0.0,0.0
v816@0.85_uncalibrated_reference,DF40-cdf-pixart,eye_enlarging,43,43,fake_head_miss,0,0.0,0.0
v816@0.85_uncalibrated_reference,DF40-cdf-pixart,eye_enlarging,43,43,filter_head_miss,38,88.37209302325581,88.37209302325581
v816@0.85_uncalibrated_reference,DF40-cdf-pixart,eye_enlarging,43,43,threshold_calibration_miss,5,11.627906976744185,11.627906976744185
v816@0.85_uncalibrated_reference,DF40-cdf-pixart,eye_enlarging,43,43,other_unclassifiable,0,0.0,0.0
v816@0.85_uncalibrated_reference,DF40-cdf-pixart,face_reshaping,43,43,layer1_real,0,0.0,0.0
v816@0.85_uncalibrated_reference,DF40-cdf-pixart,face_reshaping,43,43,fake_head_miss,0,0.0,0.0
v816@0.85_uncalibrated_reference,DF40-cdf-pixart,face_reshaping,43,43,filter_head_miss,39,90.69767441860465,90.69767441860465
v816@0.85_uncalibrated_reference,DF40-cdf-pixart,face_reshaping,43,43,threshold_calibration_miss,4,9.30232558139535,9.30232558139535
v816@0.85_uncalibrated_reference,DF40-cdf-pixart,face_reshaping,43,43,other_unclassifiable,0,0.0,0.0
v816@0.85_uncalibrated_reference,DF40-cdf-pixart,smoothing_medium,43,43,layer1_real,0,0.0,0.0
v816@0.85_uncalibrated_reference,DF40-cdf-pixart,smoothing_medium,43,43,fake_head_miss,0,0.0,0.0
v816@0.85_uncalibrated_reference,DF40-cdf-pixart,smoothing_medium,43,43,filter_head_miss,39,90.69767441860465,90.69767441860465
v816@0.85_uncalibrated_reference,DF40-cdf-pixart,smoothing_medium,43,43,threshold_calibration_miss,4,9.30232558139535,9.30232558139535
v816@0.85_uncalibrated_reference,DF40-cdf-pixart,smoothing_medium,43,43,other_unclassifiable,0,0.0,0.0
v816@0.85_uncalibrated_reference,DF40-cdf-pixart,whitening_medium,43,43,layer1_real,0,0.0,0.0
v816@0.85_uncalibrated_reference,DF40-cdf-pixart,whitening_medium,43,43,fake_head_miss,0,0.0,0.0
v816@0.85_uncalibrated_reference,DF40-cdf-pixart,whitening_medium,43,43,filter_head_miss,39,90.69767441860465,90.69767441860465
v816@0.85_uncalibrated_reference,DF40-cdf-pixart,whitening_medium,43,43,threshold_calibration_miss,4,9.30232558139535,9.30232558139535
v816@0.85_uncalibrated_reference,DF40-cdf-pixart,whitening_medium,43,43,other_unclassifiable,0,0.0,0.0
v816@0.85_uncalibrated_reference,DF40-cdf-sd2.1,eye_enlarging,37,37,layer1_real,0,0.0,0.0
v816@0.85_uncalibrated_reference,DF40-cdf-sd2.1,eye_enlarging,37,37,fake_head_miss,0,0.0,0.0
v816@0.85_uncalibrated_reference,DF40-cdf-sd2.1,eye_enlarging,37,37,filter_head_miss,31,83.78378378378379,83.78378378378379
v816@0.85_uncalibrated_reference,DF40-cdf-sd2.1,eye_enlarging,37,37,threshold_calibration_miss,6,16.216216216216218,16.216216216216218
v816@0.85_uncalibrated_reference,DF40-cdf-sd2.1,eye_enlarging,37,37,other_unclassifiable,0,0.0,0.0
v816@0.85_uncalibrated_reference,DF40-cdf-sd2.1,face_reshaping,37,37,layer1_real,0,0.0,0.0
v816@0.85_uncalibrated_reference,DF40-cdf-sd2.1,face_reshaping,37,37,fake_head_miss,0,0.0,0.0
v816@0.85_uncalibrated_reference,DF40-cdf-sd2.1,face_reshaping,37,37,filter_head_miss,32,86.48648648648648,86.48648648648648
v816@0.85_uncalibrated_reference,DF40-cdf-sd2.1,face_reshaping,37,37,threshold_calibration_miss,5,13.513513513513514,13.513513513513514
v816@0.85_uncalibrated_reference,DF40-cdf-sd2.1,face_reshaping,37,37,other_unclassifiable,0,0.0,0.0
v816@0.85_uncalibrated_reference,DF40-cdf-sd2.1,smoothing_medium,37,37,layer1_real,0,0.0,0.0
v816@0.85_uncalibrated_reference,DF40-cdf-sd2.1,smoothing_medium,37,37,fake_head_miss,0,0.0,0.0
v816@0.85_uncalibrated_reference,DF40-cdf-sd2.1,smoothing_medium,37,37,filter_head_miss,27,72.97297297297297,72.97297297297297
v816@0.85_uncalibrated_reference,DF40-cdf-sd2.1,smoothing_medium,37,37,threshold_calibration_miss,10,27.027027027027028,27.027027027027028
v816@0.85_uncalibrated_reference,DF40-cdf-sd2.1,smoothing_medium,37,37,other_unclassifiable,0,0.0,0.0
v816@0.85_uncalibrated_reference,DF40-cdf-sd2.1,whitening_medium,39,39,layer1_real,0,0.0,0.0
v816@0.85_uncalibrated_reference,DF40-cdf-sd2.1,whitening_medium,39,39,fake_head_miss,0,0.0,0.0
v816@0.85_uncalibrated_reference,DF40-cdf-sd2.1,whitening_medium,39,39,filter_head_miss,35,89.74358974358975,89.74358974358975
v816@0.85_uncalibrated_reference,DF40-cdf-sd2.1,whitening_medium,39,39,threshold_calibration_miss,4,10.256410256410255,10.256410256410255
v816@0.85_uncalibrated_reference,DF40-cdf-sd2.1,whitening_medium,39,39,other_unclassifiable,0,0.0,0.0
