model,source,filter_type,n_clean_fake,n_fake_filter,clean_fake_false_filter_rate,clean_fake_false_filter_rate_95ci,filter_head_auroc,filter_head_auroc_95ci,joint_recognition_rate,joint_recognition_95ci,fake_head_recall,has_filter_recall,mean_filter_probability,median_filter_probability,calibration_threshold
CellC@0.85,DF40-cdf-DiT,eye_enlarging,36,36,0.0,"[0.0000, 0.0000]",0.5324074074074074,"[0.3997, 0.6636]",0.0,"[0.0000, 0.0000]",1.0,0.0,0.055839243810623836,0.042846279218792846,0.85
CellC@0.85,DF40-cdf-DiT,face_reshaping,36,36,0.0,"[0.0000, 0.0000]",0.5848765432098766,"[0.4467, 0.7168]",0.0,"[0.0000, 0.0000]",1.0,0.0,0.07337423796868982,0.04554229415953155,0.85
CellC@0.85,DF40-cdf-DiT,smoothing_medium,36,36,0.0,"[0.0000, 0.0000]",0.8125,"[0.7037, 0.9082]",0.05555555555555555,"[0.0000, 0.1389]",1.0,0.05555555555555555,0.19233420092819462,0.09888391196727744,0.85
CellC@0.85,DF40-cdf-DiT,whitening_medium,36,36,0.0,"[0.0000, 0.0000]",0.441358024691358,"[0.3079, 0.5787]",0.0,"[0.0000, 0.0000]",1.0,0.0,0.04085476254113014,0.0319634694606065,0.85
CellC@0.85,DF40-cdf-SiT,eye_enlarging,42,42,0.0,"[0.0000, 0.0000]",0.5901360544217686,"[0.4717, 0.7086]",0.0,"[0.0000, 0.0000]",1.0,0.0,0.07060844515494644,0.04480801522731775,0.85
CellC@0.85,DF40-cdf-SiT,face_reshaping,42,42,0.0,"[0.0000, 0.0000]",0.5748299319727892,"[0.4535, 0.6950]",0.0,"[0.0000, 0.0000]",1.0,0.0,0.07770330600795287,0.0471947975456714,0.85
CellC@0.85,DF40-cdf-SiT,smoothing_medium,42,42,0.0,"[0.0000, 0.0000]",0.7721088435374149,"[0.6644, 0.8645]",0.047619047619047616,"[0.0000, 0.1190]",1.0,0.047619047619047616,0.21819156441571458,0.1012361645698547,0.85
CellC@0.85,DF40-cdf-SiT,whitening_medium,42,42,0.0,"[0.0000, 0.0000]",0.4563492063492064,"[0.3339, 0.5816]",0.0,"[0.0000, 0.0000]",1.0,0.0,0.04426559795891596,0.03650636225938795,0.85
CellC@0.85,DF40-cdf-ddim,eye_enlarging,40,40,0.0,"[0.0000, 0.0000]",0.705,"[0.5913, 0.8100]",0.0,"[0.0000, 0.0000]",1.0,0.0,0.3065931098535657,0.25439203530550003,0.85
CellC@0.85,DF40-cdf-ddim,face_reshaping,40,40,0.0,"[0.0000, 0.0000]",0.626875,"[0.5037, 0.7475]",0.0,"[0.0000, 0.0000]",1.0,0.0,0.27472058925777676,0.22900962829589838,0.85
CellC@0.85,DF40-cdf-ddim,smoothing_medium,40,40,0.0,"[0.0000, 0.0000]",0.9125,"[0.8438, 0.9650]",0.3,"[0.1750, 0.4500]",1.0,0.3,0.6415077567100524,0.7323940098285675,0.85
CellC@0.85,DF40-cdf-ddim,whitening_medium,40,40,0.0,"[0.0000, 0.0000]",0.38812500000000005,"[0.2656, 0.5231]",0.0,"[0.0000, 0.0000]",1.0,0.0,0.14530649103689935,0.0950392410159111,0.85
CellC@0.85,DF40-cdf-pixart,eye_enlarging,43,43,0.0,"[0.0000, 0.0000]",0.550027041644132,"[0.4278, 0.6766]",0.0,"[0.0000, 0.0000]",1.0,0.0,0.01565063027340134,0.005352041684091,0.85
CellC@0.85,DF40-cdf-pixart,face_reshaping,43,43,0.0,"[0.0000, 0.0000]",0.502974580854516,"[0.3764, 0.6220]",0.0,"[0.0000, 0.0000]",1.0,0.0,0.011950512430197414,0.0047550192102789,0.85
CellC@0.85,DF40-cdf-pixart,smoothing_medium,43,43,0.0,"[0.0000, 0.0000]",0.43591130340724715,"[0.3185, 0.5565]",0.0,"[0.0000, 0.0000]",1.0,0.0,0.0073305581747770245,0.0036837712395936,0.85
CellC@0.85,DF40-cdf-pixart,whitening_medium,43,43,0.0,"[0.0000, 0.0000]",0.47701460248783123,"[0.3559, 0.6079]",0.0,"[0.0000, 0.0000]",1.0,0.0,0.009277506984586148,0.0038901451043784,0.85
CellC@0.85,DF40-cdf-sd2.1,eye_enlarging,39,37,0.0,"[0.0000, 0.0000]",0.5024255024255024,"[0.3749, 0.6403]",0.0,"[0.0000, 0.0000]",1.0,0.0,0.03615233384551023,0.0207000505179166,0.85
CellC@0.85,DF40-cdf-sd2.1,face_reshaping,39,37,0.0,"[0.0000, 0.0000]",0.49965349965349964,"[0.3680, 0.6244]",0.0,"[0.0000, 0.0000]",1.0,0.0,0.03564669258540139,0.0195147190243005,0.85
CellC@0.85,DF40-cdf-sd2.1,smoothing_medium,39,37,0.0,"[0.0000, 0.0000]",0.30838530838530837,"[0.1975, 0.4318]",0.0,"[0.0000, 0.0000]",1.0,0.0,0.0150148082222487,0.0070522958412766,0.85
CellC@0.85,DF40-cdf-sd2.1,whitening_medium,39,39,0.0,"[0.0000, 0.0000]",0.4779750164365549,"[0.3537, 0.6075]",0.0,"[0.0000, 0.0000]",1.0,0.0,0.026923590315840133,0.0155789144337177,0.85
v816@0.95_calibrated,DF40-cdf-DiT,eye_enlarging,36,36,0.0,"[0.0000, 0.0000]",0.5447530864197531,"[0.4082, 0.6852]",0.0,"[0.0000, 0.0000]",1.0,0.0,0.3379228351016839,0.3163827657699585,0.95
v816@0.95_calibrated,DF40-cdf-DiT,face_reshaping,36,36,0.0,"[0.0000, 0.0000]",0.6535493827160495,"[0.5208, 0.7732]",0.0,"[0.0000, 0.0000]",1.0,0.0,0.40860534293784034,0.3763544112443924,0.95
v816@0.95_calibrated,DF40-cdf-DiT,smoothing_medium,36,36,0.0,"[0.0000, 0.0000]",1.0,"[1.0000, 1.0000]",0.1388888888888889,"[0.0278, 0.2500]",1.0,0.1388888888888889,0.8559271742900213,0.8703857660293579,0.95
v816@0.95_calibrated,DF40-cdf-DiT,whitening_medium,36,36,0.0,"[0.0000, 0.0000]",0.5308641975308642,"[0.3958, 0.6644]",0.0,"[0.0000, 0.0000]",1.0,0.0,0.3212627377361059,0.31029750406742096,0.95
v816@0.95_calibrated,DF40-cdf-SiT,eye_enlarging,42,42,0.0,"[0.0000, 0.0000]",0.6071428571428572,"[0.4830, 0.7290]",0.0,"[0.0000, 0.0000]",1.0,0.0,0.3733924666330928,0.3526236712932586,0.95
v816@0.95_calibrated,DF40-cdf-SiT,face_reshaping,42,42,0.0,"[0.0000, 0.0000]",0.6570294784580499,"[0.5351, 0.7727]",0.0,"[0.0000, 0.0000]",1.0,0.0,0.4053555904399781,0.37262044847011566,0.95
v816@0.95_calibrated,DF40-cdf-SiT,smoothing_medium,42,42,0.0,"[0.0000, 0.0000]",0.9909297052154196,"[0.9745, 1.0000]",0.16666666666666666,"[0.0714, 0.2857]",1.0,0.16666666666666666,0.8437171422299885,0.8598605990409851,0.95
v816@0.95_calibrated,DF40-cdf-SiT,whitening_medium,42,42,0.0,"[0.0000, 0.0000]",0.5402494331065759,"[0.4076, 0.6610]",0.0,"[0.0000, 0.0000]",1.0,0.0,0.33146938575165613,0.3280658572912216,0.95
v816@0.95_calibrated,DF40-cdf-ddim,eye_enlarging,40,40,0.0,"[0.0000, 0.0000]",0.7112499999999999,"[0.5950, 0.8219]",0.0,"[0.0000, 0.0000]",1.0,0.0,0.5428186569362878,0.5183390378952026,0.95
v816@0.95_calibrated,DF40-cdf-ddim,face_reshaping,40,40,0.0,"[0.0000, 0.0000]",0.6425000000000001,"[0.5075, 0.7613]",0.0,"[0.0000, 0.0000]",1.0,0.0,0.5074544578790665,0.4605185389518738,0.95
v816@0.95_calibrated,DF40-cdf-ddim,smoothing_medium,40,40,0.0,"[0.0000, 0.0000]",0.9962500000000001,"[0.9875, 1.0000]",0.6,"[0.4500, 0.7500]",1.0,0.6,0.9346725359559059,0.960528552532196,0.95
v816@0.95_calibrated,DF40-cdf-ddim,whitening_medium,40,40,0.0,"[0.0000, 0.0000]",0.448125,"[0.3244, 0.5757]",0.0,"[0.0000, 0.0000]",1.0,0.0,0.3641890177503228,0.31762880086898804,0.95
v816@0.95_calibrated,DF40-cdf-pixart,eye_enlarging,43,43,0.0,"[0.0000, 0.0000]",0.5640886965927528,"[0.4386, 0.6820]",0.0,"[0.0000, 0.0000]",1.0,0.0,0.3018900998109995,0.2609147727489471,0.95
v816@0.95_calibrated,DF40-cdf-pixart,face_reshaping,43,43,0.0,"[0.0000, 0.0000]",0.49972958355868036,"[0.3780, 0.6203]",0.0,"[0.0000, 0.0000]",1.0,0.0,0.2651585883699184,0.2318675518035888,0.95
v816@0.95_calibrated,DF40-cdf-pixart,smoothing_medium,43,43,0.0,"[0.0000, 0.0000]",0.5116279069767442,"[0.3926, 0.6339]",0.0,"[0.0000, 0.0000]",1.0,0.0,0.26832186759904375,0.2343371957540512,0.95
v816@0.95_calibrated,DF40-cdf-pixart,whitening_medium,43,43,0.0,"[0.0000, 0.0000]",0.5381287182260681,"[0.4072, 0.6631]",0.0,"[0.0000, 0.0000]",1.0,0.0,0.28977674609699916,0.235957384109497,0.95
v816@0.95_calibrated,DF40-cdf-sd2.1,eye_enlarging,39,37,0.0,"[0.0000, 0.0000]",0.5107415107415108,"[0.3749, 0.6424]",0.0,"[0.0000, 0.0000]",1.0,0.0,0.29500237932881795,0.2919134795665741,0.95
v816@0.95_calibrated,DF40-cdf-sd2.1,face_reshaping,39,37,0.0,"[0.0000, 0.0000]",0.48995148995148996,"[0.3638, 0.6182]",0.0,"[0.0000, 0.0000]",1.0,0.0,0.2854082028608064,0.2545197606086731,0.95
v816@0.95_calibrated,DF40-cdf-sd2.1,smoothing_medium,39,37,0.0,"[0.0000, 0.0000]",0.6521136521136521,"[0.5190, 0.7699]",0.0,"[0.0000, 0.0000]",1.0,0.0,0.39926294358195485,0.3694876730442047,0.95
v816@0.95_calibrated,DF40-cdf-sd2.1,whitening_medium,39,39,0.0,"[0.0000, 0.0000]",0.4990138067061144,"[0.3747, 0.6299]",0.0,"[0.0000, 0.0000]",1.0,0.0,0.2949294375303464,0.2623797953128814,0.95
v816@0.85_uncalibrated_reference,DF40-cdf-DiT,eye_enlarging,36,36,0.0,"[0.0000, 0.0000]",0.5447530864197531,"[0.4198, 0.6790]",0.0,"[0.0000, 0.0000]",1.0,0.0,0.3379228351016839,0.3163827657699585,0.85
v816@0.85_uncalibrated_reference,DF40-cdf-DiT,face_reshaping,36,36,0.0,"[0.0000, 0.0000]",0.6535493827160495,"[0.5147, 0.7747]",0.0,"[0.0000, 0.0000]",1.0,0.0,0.40860534293784034,0.3763544112443924,0.85
v816@0.85_uncalibrated_reference,DF40-cdf-DiT,smoothing_medium,36,36,0.0,"[0.0000, 0.0000]",1.0,"[1.0000, 1.0000]",0.6388888888888888,"[0.4722, 0.7778]",1.0,0.6388888888888888,0.8559271742900213,0.8703857660293579,0.85
v816@0.85_uncalibrated_reference,DF40-cdf-DiT,whitening_medium,36,36,0.0,"[0.0000, 0.0000]",0.5308641975308642,"[0.3997, 0.6644]",0.0,"[0.0000, 0.0000]",1.0,0.0,0.3212627377361059,0.31029750406742096,0.85
v816@0.85_uncalibrated_reference,DF40-cdf-SiT,eye_enlarging,42,42,0.0,"[0.0000, 0.0000]",0.6071428571428572,"[0.4841, 0.7211]",0.0,"[0.0000, 0.0000]",1.0,0.0,0.3733924666330928,0.3526236712932586,0.85
v816@0.85_uncalibrated_reference,DF40-cdf-SiT,face_reshaping,42,42,0.0,"[0.0000, 0.0000]",0.6570294784580499,"[0.5357, 0.7721]",0.0,"[0.0000, 0.0000]",1.0,0.0,0.4053555904399781,0.37262044847011566,0.85
v816@0.85_uncalibrated_reference,DF40-cdf-SiT,smoothing_medium,42,42,0.0,"[0.0000, 0.0000]",0.9909297052154196,"[0.9751, 1.0000]",0.5476190476190477,"[0.4048, 0.7143]",1.0,0.5476190476190477,0.8437171422299885,0.8598605990409851,0.85
v816@0.85_uncalibrated_reference,DF40-cdf-SiT,whitening_medium,42,42,0.0,"[0.0000, 0.0000]",0.5402494331065759,"[0.4070, 0.6684]",0.0,"[0.0000, 0.0000]",1.0,0.0,0.33146938575165613,0.3280658572912216,0.85
v816@0.85_uncalibrated_reference,DF40-cdf-ddim,eye_enlarging,40,40,0.0,"[0.0000, 0.0000]",0.7112499999999999,"[0.5944, 0.8181]",0.075,"[0.0000, 0.1750]",1.0,0.075,0.5428186569362878,0.5183390378952026,0.85
v816@0.85_uncalibrated_reference,DF40-cdf-ddim,face_reshaping,40,40,0.0,"[0.0000, 0.0000]",0.6425000000000001,"[0.5169, 0.7588]",0.1,"[0.0250, 0.2000]",1.0,0.1,0.5074544578790665,0.4605185389518738,0.85
v816@0.85_uncalibrated_reference,DF40-cdf-ddim,smoothing_medium,40,40,0.0,"[0.0000, 0.0000]",0.9962500000000001,"[0.9875, 1.0000]",0.9,"[0.8000, 0.9750]",1.0,0.9,0.9346725359559059,0.960528552532196,0.85
v816@0.85_uncalibrated_reference,DF40-cdf-ddim,whitening_medium,40,40,0.0,"[0.0000, 0.0000]",0.448125,"[0.3250, 0.5713]",0.0,"[0.0000, 0.0000]",1.0,0.0,0.3641890177503228,0.31762880086898804,0.85
v816@0.85_uncalibrated_reference,DF40-cdf-pixart,eye_enlarging,43,43,0.0,"[0.0000, 0.0000]",0.5640886965927528,"[0.4429, 0.6842]",0.0,"[0.0000, 0.0000]",1.0,0.0,0.3018900998109995,0.2609147727489471,0.85
v816@0.85_uncalibrated_reference,DF40-cdf-pixart,face_reshaping,43,43,0.0,"[0.0000, 0.0000]",0.49972958355868036,"[0.3775, 0.6257]",0.0,"[0.0000, 0.0000]",1.0,0.0,0.2651585883699184,0.2318675518035888,0.85
v816@0.85_uncalibrated_reference,DF40-cdf-pixart,smoothing_medium,43,43,0.0,"[0.0000, 0.0000]",0.5116279069767442,"[0.3829, 0.6376]",0.0,"[0.0000, 0.0000]",1.0,0.0,0.26832186759904375,0.2343371957540512,0.85
v816@0.85_uncalibrated_reference,DF40-cdf-pixart,whitening_medium,43,43,0.0,"[0.0000, 0.0000]",0.5381287182260681,"[0.4208, 0.6604]",0.0,"[0.0000, 0.0000]",1.0,0.0,0.28977674609699916,0.235957384109497,0.85
v816@0.85_uncalibrated_reference,DF40-cdf-sd2.1,eye_enlarging,39,37,0.0,"[0.0000, 0.0000]",0.5107415107415108,"[0.3756, 0.6459]",0.0,"[0.0000, 0.0000]",1.0,0.0,0.29500237932881795,0.2919134795665741,0.85
v816@0.85_uncalibrated_reference,DF40-cdf-sd2.1,face_reshaping,39,37,0.0,"[0.0000, 0.0000]",0.48995148995148996,"[0.3597, 0.6210]",0.0,"[0.0000, 0.0000]",1.0,0.0,0.2854082028608064,0.2545197606086731,0.85
v816@0.85_uncalibrated_reference,DF40-cdf-sd2.1,smoothing_medium,39,37,0.0,"[0.0000, 0.0000]",0.6521136521136521,"[0.5274, 0.7748]",0.0,"[0.0000, 0.0000]",1.0,0.0,0.39926294358195485,0.3694876730442047,0.85
v816@0.85_uncalibrated_reference,DF40-cdf-sd2.1,whitening_medium,39,39,0.0,"[0.0000, 0.0000]",0.4990138067061144,"[0.3708, 0.6319]",0.0,"[0.0000, 0.0000]",1.0,0.0,0.2949294375303464,0.2623797953128814,0.85
