source,condition,covariate,smd
aiguard_unseen,pre_match_unmatched,resolution,-0.5446755296372543
aiguard_unseen,pre_match_unmatched,crop_scale,0.23940104916027535
aiguard_unseen,pre_match_unmatched,face_bbox_width,0.3963172176973883
aiguard_unseen,pre_match_unmatched,face_bbox_height,0.5095903207945554
aiguard_unseen,resolution_matched,resolution,10.584634276091265
aiguard_unseen,resolution_matched,crop_scale,2.27036187461221
aiguard_unseen,resolution_matched,face_bbox_width,3.0061900903384258
aiguard_unseen,resolution_matched,face_bbox_height,2.5023912686182515
aiguard_unseen,facesize_matched,resolution,-0.35464836737131256
aiguard_unseen,facesize_matched,crop_scale,0.06216382001330218
aiguard_unseen,facesize_matched,face_bbox_width,-0.030386635296919384
aiguard_unseen,facesize_matched,face_bbox_height,0.19460173112656587
aiguard_unseen,joint_matched,resolution,0.024162345118169566
aiguard_unseen,joint_matched,crop_scale,0.04863884952325159
aiguard_unseen,joint_matched,face_bbox_width,0.07619012106839854
aiguard_unseen,joint_matched,face_bbox_height,0.10859847600142547
stylegan2_ood,pre_match_unmatched,resolution,-0.5088661697859339
stylegan2_ood,pre_match_unmatched,crop_scale,0.5149095260094714
stylegan2_ood,pre_match_unmatched,face_bbox_width,0.6795325257489857
stylegan2_ood,pre_match_unmatched,face_bbox_height,0.9730046636497818
stylegan2_ood,resolution_matched,resolution,10.77187696426791
stylegan2_ood,resolution_matched,crop_scale,3.6404373923475144
stylegan2_ood,resolution_matched,face_bbox_width,4.29369978221034
stylegan2_ood,resolution_matched,face_bbox_height,4.187008307564706
stylegan2_ood,facesize_matched,resolution,-2.0591398982217335
stylegan2_ood,facesize_matched,crop_scale,-0.520238160127614
stylegan2_ood,facesize_matched,face_bbox_width,-0.5360536621755041
stylegan2_ood,facesize_matched,face_bbox_height,-0.36247079956935035
stylegan2_ood,joint_matched,resolution,
stylegan2_ood,joint_matched,crop_scale,
stylegan2_ood,joint_matched,face_bbox_width,
stylegan2_ood,joint_matched,face_bbox_height,
df40_dit,pre_match_unmatched,resolution,-0.5088661697859372
df40_dit,pre_match_unmatched,crop_scale,0.23702340369146854
df40_dit,pre_match_unmatched,face_bbox_width,0.3937560808322143
df40_dit,pre_match_unmatched,face_bbox_height,0.7385271612740811
df40_dit,resolution_matched,resolution,9.167630803290919
df40_dit,resolution_matched,crop_scale,2.764637261776117
df40_dit,resolution_matched,face_bbox_width,3.474628609798689
df40_dit,resolution_matched,face_bbox_height,3.442420924808134
df40_dit,facesize_matched,resolution,-0.6647028015026709
df40_dit,facesize_matched,crop_scale,0.09970050659566537
df40_dit,facesize_matched,face_bbox_width,0.06527633789025937
df40_dit,facesize_matched,face_bbox_height,0.11467334314479573
df40_dit,joint_matched,resolution,
df40_dit,joint_matched,crop_scale,
df40_dit,joint_matched,face_bbox_width,
df40_dit,joint_matched,face_bbox_height,
df40_sit,pre_match_unmatched,resolution,-0.5088661697859372
df40_sit,pre_match_unmatched,crop_scale,0.270348254004971
df40_sit,pre_match_unmatched,face_bbox_width,0.43266678193809505
df40_sit,pre_match_unmatched,face_bbox_height,0.7759036925947764
df40_sit,resolution_matched,resolution,9.276014469826949
df40_sit,resolution_matched,crop_scale,2.8906078012137115
df40_sit,resolution_matched,face_bbox_width,3.585178330276886
df40_sit,resolution_matched,face_bbox_height,3.6647093625162204
df40_sit,facesize_matched,resolution,-16.948871149542793
df40_sit,facesize_matched,crop_scale,-0.2843174519573819
df40_sit,facesize_matched,face_bbox_width,-0.08386802652416687
df40_sit,facesize_matched,face_bbox_height,-2.1002105650075453
df40_sit,joint_matched,resolution,
df40_sit,joint_matched,crop_scale,
df40_sit,joint_matched,face_bbox_width,
df40_sit,joint_matched,face_bbox_height,
df40_ddim,pre_match_unmatched,resolution,-0.5088661697859372
df40_ddim,pre_match_unmatched,crop_scale,0.35502881996958074
df40_ddim,pre_match_unmatched,face_bbox_width,0.5250892119268783
df40_ddim,pre_match_unmatched,face_bbox_height,0.8177356688728412
df40_ddim,resolution_matched,resolution,9.276014469826949
df40_ddim,resolution_matched,crop_scale,2.8980989516287883
df40_ddim,resolution_matched,face_bbox_width,3.780072240320469
df40_ddim,resolution_matched,face_bbox_height,3.4538625004929098
df40_ddim,facesize_matched,resolution,-1.9541385508800553
df40_ddim,facesize_matched,crop_scale,-0.1352519733700135
df40_ddim,facesize_matched,face_bbox_width,-0.186228734894997
df40_ddim,facesize_matched,face_bbox_height,-0.04055981176967061
df40_ddim,joint_matched,resolution,
df40_ddim,joint_matched,crop_scale,
df40_ddim,joint_matched,face_bbox_width,
df40_ddim,joint_matched,face_bbox_height,
df40_pixart,pre_match_unmatched,resolution,2.087970684611031
df40_pixart,pre_match_unmatched,crop_scale,0.6255569520812901
df40_pixart,pre_match_unmatched,face_bbox_width,0.6262333899811732
df40_pixart,pre_match_unmatched,face_bbox_height,1.0765671475237695
df40_pixart,resolution_matched,resolution,0.5071305725505127
df40_pixart,resolution_matched,crop_scale,-0.601683858155811
df40_pixart,resolution_matched,face_bbox_width,-0.19202252052451324
df40_pixart,resolution_matched,face_bbox_height,-0.29127395631792946
df40_pixart,facesize_matched,resolution,0.8231837637912296
df40_pixart,facesize_matched,crop_scale,-0.025435576073208153
df40_pixart,facesize_matched,face_bbox_width,-0.07632004452902771
df40_pixart,facesize_matched,face_bbox_height,0.03516264187610834
df40_pixart,joint_matched,resolution,0.12816189819255827
df40_pixart,joint_matched,crop_scale,-0.4939524985516742
df40_pixart,joint_matched,face_bbox_width,-0.5241119955427969
df40_pixart,joint_matched,face_bbox_height,-0.3618492094867016
df40_sd21,pre_match_unmatched,resolution,0.7895522574125452
df40_sd21,pre_match_unmatched,crop_scale,0.969900373802301
df40_sd21,pre_match_unmatched,face_bbox_width,0.959514818113802
df40_sd21,pre_match_unmatched,face_bbox_height,1.2326298763011372
df40_sd21,resolution_matched,resolution,-2.2408192561260183
df40_sd21,resolution_matched,crop_scale,-0.5703415587393472
df40_sd21,resolution_matched,face_bbox_width,-0.5654441439431604
df40_sd21,resolution_matched,face_bbox_height,-0.630152710400479
df40_sd21,facesize_matched,resolution,-0.36553744044176156
df40_sd21,facesize_matched,crop_scale,0.0018712685102278022
df40_sd21,facesize_matched,face_bbox_width,-0.07770953415362584
df40_sd21,facesize_matched,face_bbox_height,0.07856806797760917
df40_sd21,joint_matched,resolution,-0.5715236727320918
df40_sd21,joint_matched,crop_scale,0.03248444616049826
df40_sd21,joint_matched,face_bbox_width,0.11117190301168113
df40_sd21,joint_matched,face_bbox_height,-0.10046522282046287
midjourney,pre_match_unmatched,resolution,2.087970684611031
midjourney,pre_match_unmatched,crop_scale,-0.3585434824038337
midjourney,pre_match_unmatched,face_bbox_width,-0.7115798227756035
midjourney,pre_match_unmatched,face_bbox_height,-0.5069769405067327
midjourney,resolution_matched,resolution,0.5071305725505127
midjourney,resolution_matched,crop_scale,-0.8881828111772133
midjourney,resolution_matched,face_bbox_width,-0.6848562460437917
midjourney,resolution_matched,face_bbox_height,-0.8602334712853625
midjourney,facesize_matched,resolution,1.0889108118615256
midjourney,facesize_matched,crop_scale,-0.02107504271648831
midjourney,facesize_matched,face_bbox_width,-0.03280632828970437
midjourney,facesize_matched,face_bbox_height,-0.02625204971243986
midjourney,joint_matched,resolution,0.987289775727179
midjourney,joint_matched,crop_scale,-0.09752097565982
midjourney,joint_matched,face_bbox_width,-0.25054408192759925
midjourney,joint_matched,face_bbox_height,0.029873177067958234
